2026-03-06 11:07:06,568 # RIOT-BLE-0,2,1488,-2,5019,-2,10118,1,-74
2026-03-06 11:07:06,667 # RIOT-BLE-0,3,1489,-2,5014,-2,10118,1,-69
2026-03-06 11:07:06,967 # RIOT-BLE-0,4,1489,-2,5012,-2,10118,1,-72
2026-03-06 11:07:06,971 # RIOT-BLE-0,5,1489,-2,5007,-2,10118,1,-72
2026-03-06 11:07:07,067 # RIOT-BLE-0,6,1489,-2,5010,-2,10118,1,-72
2026-03-06 11:07:07,167 # RIOT-BLE-0,7,1489,-2,5024,-2,10118,1,-72
2026-03-06 11:07:07,268 # RIOT-BLE-0,8,1490,-2,5011,-2,10118,1,-67
2026-03-06 11:07:07,368 # RIOT-BLE-0,9,1490,-2,5015,-2,10118,1,-66
2026-03-06 11:07:07,473 # RIOT-BLE-0,10,1489,-2,5019,-2,10119,1,-72
2026-03-06 11:07:07,719 # RIOT-BLE-0,11,1491,-2,5007,-2,10118,1,-74
2026-03-06 11:07:07,721 # RIOT-BLE-0,12,1490,-2,5015,-2,10119,1,-73
2026-03-06 11:07:07,867 # RIOT-BLE-0,13,1491,-2,5007,-2,10119,1,-61
2026-03-06 11:07:07,969 # RIOT-BLE-0,14,1491,-2,5008,-2,10119,1,-59
2026-03-06 11:07:08,069 # RIOT-BLE-0,15,1490,-2,5011,-2,10118,1,-64
2026-03-06 11:07:08,168 # RIOT-BLE-0,16,1491,-2,5021,-2,10118,1,-60
2026-03-06 11:07:08,318 # RIOT-BLE-0,17,1491,-2,5018,-2,10119,1,-68
2026-03-06 11:07:08,418 # RIOT-BLE-0,18,1491,-2,5018,-2,10119,1,-61
2026-03-06 11:07:08,519 # RIOT-BLE-0,19,1492,-2,5009,-2,10119,1,-65
2026-03-06 11:07:08,619 # RIOT-BLE-0,20,1492,-2,5011,-2,10119,1,-68
2026-03-06 11:07:08,820 # RIOT-BLE-0,21,1492,-2,5008,-2,10119,1,-74
2026-03-06 11:07:08,869 # RIOT-BLE-0,22,1492,-2,5012,-2,10118,1,-67
2026-03-06 11:07:08,969 # RIOT-BLE-0,23,1493,-2,5015,-2,10119,1,-70
2026-03-06 11:07:09,118 # RIOT-BLE-0,24,1493,-2,5019,-2,10118,1,-68
2026-03-06 11:07:09,218 # RIOT-BLE-0,25,1491,-2,5004,-2,10119,1,-74
2026-03-06 11:07:09,320 # RIOT-BLE-0,26,1492,-2,5014,-2,10119,1,-69
2026-03-06 11:07:09,469 # RIOT-BLE-0,27,1492,-2,5002,-2,10119,1,-67
2026-03-06 11:07:09,568 # RIOT-BLE-0,28,1492,-2,5013,-2,10119,1,-71
2026-03-06 11:07:09,668 # RIOT-BLE-0,29,1492,-2,5016,-2,10118,1,-71
2026-03-06 11:07:09,768 # RIOT-BLE-0,30,1493,-2,5012,-2,10118,1,-74
2026-03-06 11:07:09,920 # RIOT-BLE-0,31,1493,-2,4998,-2,10118,1,-73
2026-03-06 11:07:10,169 # RIOT-BLE-0,32,1493,-2,5013,-2,10119,1,-71
2026-03-06 11:07:10,171 # RIOT-BLE-0,33,1493,-2,5005,-2,10118,1,-72
2026-03-06 11:07:10,468 # RIOT-BLE-0,34,1494,-2,5005,-2,10118,1,-70
2026-03-06 11:07:10,472 # RIOT-BLE-0,35,1494,-2,4998,-2,10119,1,-71
2026-03-06 11:07:10,969 # RIOT-BLE-0,37,1494,-2,5000,-2,10118,1,-73
2026-03-06 11:07:10,973 # RIOT-BLE-0,38,1494,-2,5000,-2,10119,1,-73
2026-03-06 11:07:11,118 # RIOT-BLE-0,41,1496,-2,5008,-2,10119,1,-68
2026-03-06 11:07:11,169 # RIOT-BLE-0,42,1497,-2,5004,-2,10119,1,-73
2026-03-06 11:07:11,369 # RIOT-BLE-0,43,1497,-2,5007,-2,10118,1,-67
2026-03-06 11:07:11,420 # RIOT-BLE-0,44,1498,-2,5006,-2,10118,1,-69
2026-03-06 11:07:11,569 # RIOT-BLE-0,45,1498,-2,5005,-2,10118,1,-75
2026-03-06 11:07:11,619 # RIOT-BLE-0,46,1498,-2,5005,-2,10118,1,-73
2026-03-06 11:07:11,658 # # RX: adv addr=69:08:a8:fb:b8:ad rss6-03-06 11:07:15,322 # RIOT-BLE-0,77,1581,-2,5011,-2,10124,1,-72
2026-03-06 11:07:15,325 # RIOT-BLE-0,78,1584,-2,5009,-2,10124,1,-73
2026-03-06 11:07:15,472 # RIOT-BLE-0,79,1585,-2,5019,-2,10120,1,-70
2026-03-06 11:07:16,020 # RIOT-BLE-0,80,1586,-2,5019,-2,10122,1,-73
2026-03-06 11:07:16,070 # RIOT-BLE-0,81,1586,-2,4998,-2,10123,1,-70
2026-03-06 11:07:16,271 # RIOT-BLE-0,85,1594,-2,5011,-2,10119,1,-75
2026-03-06 11:07:16,420 # RIOT-BLE-0,86,1594,-2,5016,-2,10119,1,-74
2026-03-06 11:07:16,423 # RIOT-BLE-0,87,1592,-2,5000,-2,10118,1,-73
2026-03-06 11:07:16,522 # RIOT-BLE-0,88,1590,-2,5001,-2,10118,1,-72
2026-03-06 11:07:16,922 # RIOT-BLE-0,89,1589,-2,5000,-2,10119,1,-74
2026-03-06 11:07:17,680 # RIOT-BLE-0,90,1588,-2,4997,-2,10122,1,-77
2026-03-06 11:07:18,472 # RIOT-BLE-0,92,1590,-2,4996,-2,10122,1,-76
2026-03-06 11:07:18,671 # RIOT-BLE-0,99,1612,-2,4990,-2,10123,1,-71
2026-03-06 11:07:18,674 # RIOT-BLE-0,106,1624,-2,4972,-2,10121,1,-72
2026-03-06 11:07:18,721 # RIOT-BLE-0,107,1626,-2,4973,-2,10120,1,-73
2026-03-06 11:07:18,921 # RIOT-BLE-0,108,1627,-2,4976,-2,10121,1,-74
2026-03-06 11:10:02.859,RIOT-BLE-0,1401,1797,-2,4575,-2,10353,1,-56
2026-03-06 11:10:02.860,RIOT-BLE-0,1402,1798,-2,4570,-2,10119,1,-63
2026-03-06 11:10:02.860,RIOT-BLE-0,1403,1797,-2,4564,-2,10119,1,-61
2026-03-06 11:10:02.861,RIOT-BLE-0,1404,1795,-2,4567,-2,10119,1,-56
2026-03-06 11:10:02.862,RIOT-BLE-0,1405,1795,-2,4564,-2,10119,1,-60
2026-03-06 11:10:02.862,RIOT-BLE-0,1406,1794,-2,4563,-2,10119,1,-64
2026-03-06 11:10:02.863,RIOT-BLE-0,1407,1792,-2,4565,-2,10119,1,-71
2026-03-06 11:10:02.864,RIOT-BLE-0,1408,1790,-2,4565,-2,10118,1,-62
2026-03-06 11:10:02.865,RIOT-BLE-0,1409,1790,-2,4567,-2,10118,1,-63
2026-03-06 11:10:02.876,RIOT-BLE-0,1410,1789,-2,4559,-2,10118,1,-70
2026-03-06 11:10:03.026,RIOT-BLE-0,1411,1788,-2,4567,-2,10118,1,-62
2026-03-06 11:10:03.126,RIOT-BLE-0,1412,1788,-2,4549,-2,10119,1,-63
2026-03-06 11:10:03.226,RIOT-BLE-0,1413,1788,-2,4549,-2,10118,1,-64
2026-03-06 11:10:03.376,RIOT-BLE-0,1414,1788,-2,4556,-2,10118,1,-61
2026-03-06 11:10:03.477,RIOT-BLE-0,1415,1788,-2,4546,-2,10119,1,-61
2026-03-06 11:10:03.579,RIOT-BLE-0,1416,1787,-2,4545,-2,10119,1,-60
2026-03-06 11:10:03.678,RIOT-BLE-0,1417,1787,-2,4558,-2,10119,1,-60
2026-03-06 11:10:03.827,RIOT-BLE-0,1418,1786,-2,4558,-2,10119,1,-66
2026-03-06 11:10:03.927,RIOT-BLE-0,1419,1787,-2,4544,-2,10119,1,-73
2026-03-06 11:10:04.028,RIOT-BLE-0,1420,1787,-2,4556,-2,10119,1,-70
2026-03-06 11:10:04.176,RIOT-BLE-0,1421,1786,-2,4544,-2,10120,1,-72
2026-03-06 11:10:04.276,RIOT-BLE-0,1422,1786,-2,4541,-2,10119,1,-64
2026-03-06 11:10:04.383,RIOT-BLE-0,1423,1787,-2,4537,-2,10119,1,-64
2026-03-06 11:10:04.527,RIOT-BLE-0,1424,1786,-2,4533,-2,10119,1,-61
2026-03-06 11:10:04.627,RIOT-BLE-0,1425,1785,-2,4532,-2,10119,1,-66
2026-03-06 11:10:04.728,RIOT-BLE-0,1426,1785,-2,4540,-2,10119,1,-69
2026-03-06 11:10:04.827,RIOT-BLE-0,1427,1785,-2,4542,-2,10119,1,-61
2026-03-06 11:10:20.199,RIOT-BLE-0,0,1763,-2,4554,-2,10119,1,-63
2026-03-06 11:10:20.344,RIOT-BLE-0,1,1763,-2,4548,-2,10119,1,-61
2026-03-06 11:10:20.444,RIOT-BLE-0,2,1763,-2,4549,-2,10119,1,-63
2026-03-06 11:10:20.545,RIOT-BLE-0,3,1764,-2,4561,-2,10119,1,-52
2026-03-06 11:10:20.694,RIOT-BLE-0,4,1763,-2,4554,-2,10118,1,-70
2026-03-06 11:10:20.794,RIOT-BLE-0,5,1762,-2,4560,-2,10118,1,-71
2026-03-06 11:10:20.894,RIOT-BLE-0,6,1763,-2,4558,-2,10119,1,-76
2026-03-06 11:10:20.994,RIOT-BLE-0,7,1763,-2,4571,-2,10119,1,-65
2026-03-06 11:10:21.144,RIOT-BLE-0,8,1763,-2,4561,-2,10120,1,-59
2026-03-06 11:10:21.244,RIOT-BLE-0,9,1763,-2,4553,-2,10120,1,-55
2026-03-06 11:10:21.344,RIOT-BLE-0,10,1762,-2,4571,-2,10120,1,-54
2026-03-06 11:10:21.501,RIOT-BLE-0,11,1762,-2,4564,-2,10121,1,-56
2026-03-06 11:10:21.593,RIOT-BLE-0,12,1761,-2,4569,-2,10120,1,-54
2026-03-06 11:10:21.695,RIOT-BLE-0,13,1761,-2,4567,-2,10120,1,-55
2026-03-06 11:10:21.846,RIOT-BLE-0,14,1760,-2,4563,-2,10120,1,-56
2026-03-06 11:10:21.946,RIOT-BLE-0,15,1760,-2,4568,-2,10120,1,-66
2026-03-06 11:10:22.046,RIOT-BLE-0,16,1760,-2,4568,-2,10120,1,-61
2026-03-06 11:10:22.145,RIOT-BLE-0,17,1759,-2,4569,-2,10119,1,-64
2026-03-06 11:10:22.295,RIOT-BLE-0,18,1760,-2,4571,-2,10118,1,-52
2026-03-06 11:10:22.395,RIOT-BLE-0,19,1760,-2,4584,-2,10119,1,-53
2026-03-06 11:10:22.495,RIOT-BLE-0,20,1759,-2,4581,-2,10118,1,-57
2026-03-06 11:10:22.645,RIOT-BLE-0,21,1759,-2,4592,-2,10118,1,-64
2026-03-06 11:10:22.748,RIOT-BLE-0,22,1759,-2,4581,-2,10118,1,-64
2026-03-06 11:10:22.846,RIOT-BLE-0,23,1760,-2,4580,-2,10118,1,-72
2026-03-06 11:10:22.996,RIOT-BLE-0,24,1760,-2,4594,-2,10118,1,-62
2026-03-06 11:10:23.095,RIOT-BLE-0,25,1761,-2,4579,-2,10119,1,-65
2026-03-06 11:10:23.196,RIOT-BLE-0,26,1760,-2,4586,-2,10118,1,-67
2026-03-06 11:10:23.296,RIOT-BLE-0,27,1760,-2,4582,-2,10118,1,-61
2026-03-06 11:10:23.445,RIOT-BLE-0,28,1759,-2,4581,-2,10118,1,-61
2026-03-06 11:10:23.545,RIOT-BLE-0,29,1760,-2,4580,-2,10118,1,-61
2026-03-06 11:10:23.645,RIOT-BLE-0,30,1760,-2,4585,-2,10118,1,-64
2026-03-06 11:10:23.795,RIOT-BLE-0,31,1759,-2,4589,-2,10118,1,-61
2026-03-06 11:10:23.894,RIOT-BLE-0,32,1759,-2,4596,-2,10118,1,-65
2026-03-06 11:10:02,859 # RIOT-BLE-0,1401,1797,-2,4575,-2,10353,1,-56
2026-03-06 11:10:02,860 # RIOT-BLE-0,1402,1798,-2,4570,-2,10119,1,-63
2026-03-06 11:10:02,860 # RIOT-BLE-0,1403,1797,-2,4564,-2,10119,1,-61
2026-03-06 11:10:02,861 # RIOT-BLE-0,1404,1795,-2,4567,-2,10119,1,-56
2026-03-06 11:10:02,862 # RIOT-BLE-0,1405,1795,-2,4564,-2,10119,1,-60
2026-03-06 11:10:02,862 # RIOT-BLE-0,1406,1794,-2,4563,-2,10119,1,-64
2026-03-06 11:10:02,863 # RIOT-BLE-0,1407,1792,-2,4565,-2,10119,1,-71
2026-03-06 11:10:02,864 # RIOT-BLE-0,1408,1790,-2,4565,-2,10118,1,-62
2026-03-06 11:10:02,865 # RIOT-BLE-0,1409,1790,-2,4567,-2,10118,1,-63
2026-03-06 11:10:02,876 # RIOT-BLE-0,1410,1789,-2,4559,-2,10118,1,-70
2026-03-06 11:10:03,026 # RIOT-BLE-0,1411,1788,-2,4567,-2,10118,1,-62
2026-03-06 11:10:03,126 # RIOT-BLE-0,1412,1788,-2,4549,-2,10119,1,-63
2026-03-06 11:10:03,226 # RIOT-BLE-0,1413,1788,-2,4549,-2,10118,1,-64
2026-03-06 11:10:03,376 # RIOT-BLE-0,1414,1788,-2,4556,-2,10118,1,-61
2026-03-06 11:10:03,477 # RIOT-BLE-0,1415,1788,-2,4546,-2,10119,1,-61
2026-03-06 11:10:03,579 # RIOT-BLE-0,1416,1787,-2,4545,-2,10119,1,-60
2026-03-06 11:10:03,678 # RIOT-BLE-0,1417,1787,-2,4558,-2,10119,1,-60
2026-03-06 11:10:03,827 # RIOT-BLE-0,1418,1786,-2,4558,-2,10119,1,-66
2026-03-06 11:10:03,927 # RIOT-BLE-0,1419,1787,-2,4544,-2,10119,1,-73
2026-03-06 11:10:04,028 # RIOT-BLE-0,1420,1787,-2,4556,-2,10119,1,-70
2026-03-06 11:10:04,176 # RIOT-BLE-0,1421,1786,-2,4544,-2,10120,1,-72
2026-03-06 11:10:04,276 # RIOT-BLE-0,1422,1786,-2,4541,-2,10119,1,-64
2026-03-06 11:10:04,383 # RIOT-BLE-0,1423,1787,-2,4537,-2,10119,1,-64
2026-03-06 11:10:04,527 # RIOT-BLE-0,1424,1786,-2,4533,-2,10119,1,-61
2026-03-06 11:10:04,627 # RIOT-BLE-0,1425,1785,-2,4532,-2,10119,1,-66
2026-03-06 11:10:04,728 # RIOT-BLE-0,1426,1785,-2,4540,-2,10119,1,-69
2026-03-06 11:10:04,827 # RIOT-BLE-0,1427,1785,-2,4542,-2,10119,1,-61
2026-03-06 11:10:19,877 # # RX: adv addr=f2:eb:ea:da:93:bb rssi=-63 name=RIOT-BLE-0 uuid=1 name_match=1
2026-03-06 11:10:19,879 # # RX: found RIOT-BLE-0, connecting...
2026-03-06 11:10:19,944 # # RX: connected handle=2 dev=RIOT-BLE-0 addr=f2:eb:ea:da:93:bb
2026-03-06 11:10:20,045 # # RX: svc found (start=10 end=13 dev=RIOT-BLE-0)
2026-03-06 11:10:20,094 # # RX: enable notify (ccc=13, dev=RIOT-BLE-0)
2026-03-06 11:10:20,145 # # RX: svc discovery complete (dev=RIOT-BLE-0)
2026-03-06 11:10:20,196 # # RX: chr discovery complete (dev=RIOT-BLE-0)
2026-03-06 11:10:20,199 # RIOT-BLE-0,0,1763,-2,4554,-2,10119,1,-63
2026-03-06 11:10:20,344 # RIOT-BLE-0,1,1763,-2,4548,-2,10119,1,-61
2026-03-06 11:10:20,444 # RIOT-BLE-0,2,1763,-2,4549,-2,10119,1,-63
2026-03-06 11:10:20,545 # RIOT-BLE-0,3,1764,-2,4561,-2,10119,1,-52
2026-03-06 11:10:20,694 # RIOT-BLE-0,4,1763,-2,4554,-2,10118,1,-70
2026-03-06 11:10:20,794 # RIOT-BLE-0,5,1762,-2,4560,-2,10118,1,-71
2026-03-06 11:10:20,894 # RIOT-BLE-0,6,1763,-2,4558,-2,10119,1,-76
2026-03-06 11:10:20,994 # RIOT-BLE-0,7,1763,-2,4571,-2,10119,1,-65
2026-03-06 11:10:21,144 # RIOT-BLE-0,8,1763,-2,4561,-2,10120,1,-59
2026-03-06 11:10:21,244 # RIOT-BLE-0,9,1763,-2,4553,-2,10120,1,-55
2026-03-06 11:10:21,344 # RIOT-BLE-0,10,1762,-2,4571,-2,10120,1,-54
2026-03-06 11:10:21,501 # RIOT-BLE-0,11,1762,-2,4564,-2,10121,1,-56
2026-03-06 11:10:21,593 # RIOT-BLE-0,12,1761,-2,4569,-2,10120,1,-54
2026-03-06 11:10:21,695 # RIOT-BLE-0,13,1761,-2,4567,-2,10120,1,-55
2026-03-06 11:10:21,846 # RIOT-BLE-0,14,1760,-2,4563,-2,10120,1,-56
2026-03-06 11:10:21,946 # RIOT-BLE-0,15,1760,-2,4568,-2,10120,1,-66
2026-03-06 11:10:22,046 # RIOT-BLE-0,16,1760,-2,4568,-2,10120,1,-61
2026-03-06 11:10:22,145 # RIOT-BLE-0,17,1759,-2,4569,-2,10119,1,-64
2026-03-06 11:10:22,295 # RIOT-BLE-0,18,1760,-2,4571,-2,10118,1,-52
2026-03-06 11:10:22,395 # RIOT-BLE-0,19,1760,-2,4584,-2,10119,1,-53
2026-03-06 11:10:22,495 # RIOT-BLE-0,20,1759,-2,4581,-2,10118,1,-57
2026-03-06 11:10:22,645 # RIOT-BLE-0,21,1759,-2,4592,-2,10118,1,-64
2026-03-06 11:10:22,748 # RIOT-BLE-0,22,1759,-2,4581,-2,10118,1,-64
2026-03-06 11:10:22,846 # RIOT-BLE-0,23,1760,-2,4580,-2,10118,1,-72
2026-03-06 11:10:22,996 # RIOT-BLE-0,24,1760,-2,4594,-2,10118,1,-62
2026-03-06 11:10:23,095 # RIOT-BLE-0,25,1761,-2,4579,-2,10119,1,-65
2026-03-06 11:10:23,196 # RIOT-BLE-0,26,1760,-2,4586,-2,10118,1,-67
2026-03-06 11:10:23,296 # RIOT-BLE-0,27,1760,-2,4582,-2,10118,1,-61
2026-03-06 11:10:23,445 # RIOT-BLE-0,28,1759,-2,4581,-2,10118,1,-61
2026-03-06 11:10:23,545 # RIOT-BLE-0,29,1760,-2,4580,-2,10118,1,-61
2026-03-06 11:10:23,645 # RIOT-BLE-0,30,1760,-2,4585,-2,10118,1,-64
2026-03-06 11:10:23,795 # RIOT-BLE-0,31,1759,-2,4589,-2,10118,1,-61
2026-03-06 11:10:23,894 # RIOT-BLE-0,32,1759,-2,4596,-2,10118,1,-65
2026-03-06 11:10:23,996 # RIOT-BLE-0,33,1758,-2,4586,-2,10118,1,-59
2026-03-06 11:10:24,145 # RIOT-BLE-0,34,1759,-2,4580,-2,10118,1,-65
2026-03-06 11:10:24,245 # RIOT-BLE-0,35,1759,-2,4590,-2,10118,1,-65
2026-03-06 11:10:24,445 # RIOT-BLE-0,36,1758,-2,4587,-2,10118,1,-70
2026-03-06 11:10:24,449 # RIOT-BLE-0,37,1758,-2,4600,-2,10118,1,-69
2026-03-06 11:10:24,594 # RIOT-BLE-0,38,1758,-2,4595,-2,10118,1,-61
2026-03-06 11:10:24,696 # RIOT-BLE-0,39,1758,-2,4587,-2,10118,1,-67
2026-03-06 11:10:24,795 # RIOT-BLE-0,40,1758,-2,4602,-2,10119,1,-62
2026-03-06 11:10:24,945 # RIOT-BLE-0,41,1758,-2,4596,-2,10117,1,-60
2026-03-06 11:10:25,046 # RIOT-BLE-0,42,1758,-2,4595,-2,10118,1,-61
2026-03-06 11:10:25,148 # RIOT-BLE-0,43,1759,-2,4601,-2,10119,1,-63
2026-03-06 11:10:25,295 # RIOT-BLE-0,44,1758,-2,4591,-2,10118,1,-67
2026-03-06 11:10:25,395 # RIOT-BLE-0,45,1759,-2,4590,-2,10118,1,-70
2026-03-06 11:10:25,495 # RIOT-BLE-0,46,1758,-2,4586,-2,10118,1,-69
2026-03-06 11:10:25,595 # RIOT-BLE-0,47,1758,-2,4600,-2,10118,1,-70
2026-03-06 11:10:25,745 # RIOT-BLE-0,48,1758,-2,4597,-2,10118,1,-71
2026-03-06 11:10:25,845 # RIOT-BLE-0,49,1758,-2,4596,-2,10118,1,-67
2026-03-06 11:10:26,096 # RIOT-BLE-0,50,1757,-2,4599,-2,10119,1,-69
2026-03-06 11:10:26,098 # RIOT-BLE-0,51,1757,-2,4595,-2,10118,1,-70
2026-03-06 11:10:26,194 # RIOT-BLE-0,52,1757,-2,4606,-2,10118,1,-64
2026-03-06 11:10:26,296 # RIOT-BLE-0,53,1758,-2,4594,-2,10119,1,-77
2026-03-06 11:10:26,445 # RIOT-BLE-0,54,1758,-2,4617,-2,10118,1,-70
2026-03-06 11:10:26,545 # RIOT-BLE-0,55,1759,-2,4607,-2,10118,1,-67
2026-03-06 11:10:26,644 # RIOT-BLE-0,56,1758,-2,4613,-2,10118,1,-73
2026-03-06 11:10:26,745 # RIOT-BLE-0,57,1758,-2,4607,-2,10119,1,-73
2026-03-06 11:10:27,145 # RIOT-BLE-0,58,1758,-2,4610,-2,10119,1,-75
2026-03-06 11:10:27,195 # RIOT-BLE-0,59,1759,-2,4607,-2,10119,1,-70
2026-03-06 11:10:27,245 # RIOT-BLE-0,61,1760,-2,4604,-2,10119,1,-69
2026-03-06 11:10:27,351 # RIOT-BLE-0,62,1760,-2,4605,-2,10119,1,-66
2026-03-06 11:10:27,446 # RIOT-BLE-0,63,1760,-2,4609,-2,10119,1,-71
2026-03-06 11:10:27,550 # # RX:10:23.996,RIOT-BLE-0,33,1758,-2,4586,-2,10118,1,-59
2026-03-06 11:10:24.145,RIOT-BLE-0,34,1759,-2,4580,-2,10118,1,-65
2026-03-06 11:10:24.245,RIOT-BLE-0,35,1759,-2,4590,-2,10118,1,-65
2026-03-06 11:10:24.445,RIOT-BLE-0,36,1758,-2,4587,-2,10118,1,-70
2026-03-06 11:10:24.449,RIOT-BLE-0,37,1758,-2,4600,-2,10118,1,-69
2026-03-06 11:10:24.594,RIOT-BLE-0,38,1758,-2,4595,-2,10118,1,-61
2026-03-06 11:10:24.696,RIOT-BLE-0,39,1758,-2,4587,-2,10118,1,-67
2026-03-06 11:10:24.795,RIOT-BLE-0,40,1758,-2,4602,-2,10119,1,-62
2026-03-06 11:10:24.945,RIOT-BLE-0,41,1758,-2,4596,-2,10117,1,-60
2026-03-06 11:10:25.046,RIOT-BLE-0,42,1758,-2,4595,-2,10118,1,-61
2026-03-06 11:10:25.148,RIOT-BLE-0,43,1759,-2,4601,-2,10119,1,-63
2026-03-06 11:10:25.295,RIOT-BLE-0,44,1758,-2,4591,-2,10118,1,-67
2026-03-06 11:10:25.395,RIOT-BLE-0,45,1759,-2,4590,-2,10118,1,-70
2026-03-06 11:10:25.495,RIOT-BLE-0,46,1758,-2,4586,-2,10118,1,-69
2026-03-06 11:10:25.595,RIOT-BLE-0,47,1758,-2,4600,-2,10118,1,-70
2026-03-06 11:10:25.745,RIOT-BLE-0,48,1758,-2,4597,-2,10118,1,-71
2026-03-06 11:10:25.845,RIOT-BLE-0,49,1758,-2,4596,-2,10118,1,-67
2026-03-06 11:10:26.096,RIOT-BLE-0,50,1757,-2,4599,-2,10119,1,-69
2026-03-06 11:10:26.098,RIOT-BLE-0,51,1757,-2,4595,-2,10118,1,-70
2026-03-06 11:10:26.194,RIOT-BLE-0,52,1757,-2,4606,-2,10118,1,-64
2026-03-06 11:10:26.296,RIOT-BLE-0,53,1758,-2,4594,-2,10119,1,-77
2026-03-06 11:10:26.445,RIOT-BLE-0,54,1758,-2,4617,-2,10118,1,-70
2026-03-06 11:10:26.545,RIOT-BLE-0,55,1759,-2,4607,-2,10118,1,-67
2026-03-06 11:10:26.644,RIOT-BLE-0,56,1758,-2,4613,-2,10118,1,-73
2026-03-06 11:10:26.745,RIOT-BLE-0,57,1758,-2,4607,-2,10119,1,-73
2026-03-06 11:10:27.145,RIOT-BLE-0,58,1758,-2,4610,-2,10119,1,-75
2026-03-06 11:10:27.195,RIOT-BLE-0,59,1759,-2,4607,-2,10119,1,-70
2026-03-06 11:10:27.245,RIOT-BLE-0,61,1760,-2,4604,-2,10119,1,-69
2026-03-06 11:10:27.351,RIOT-BLE-0,62,1760,-2,4605,-2,10119,1,-66
2026-03-06 11:10:27.446,RIOT-BLE-0,63,1760,-2,4609,-2,10119,1,-71
2026-03-06 11:10:27.595,RIOT-BLE-0,64,1760,-2,4607,-2,10117,1,-69
2026-03-06 11:10:27.695,RIOT-BLE-0,65,1760,-2,4613,-2,10118,1,-70
2026-03-06 11:10:27.795,RIOT-BLE-0,66,1760,-2,4607,-2,10118,1,-69
2026-03-06 11:10:27.896,RIOT-BLE-0,67,1759,-2,4608,-2,10118,1,-69
2026-03-06 11:10:28.047,RIOT-BLE-0,68,1759,-2,4610,-2,10118,1,-69
2026-03-06 11:10:28.147,RIOT-BLE-0,69,1758,-2,4619,-2,10118,1,-66
2026-03-06 11:10:28.246,RIOT-BLE-0,70,1758,-2,4616,-2,10118,1,-70
2026-03-06 11:10:28.396,RIOT-BLE-0,71,1757,-2,4614,-2,10118,1,-69
2026-03-06 11:10:28.496,RIOT-BLE-0,72,1758,-2,4628,-2,10118,1,-72
2026-03-06 11:10:28.596,RIOT-BLE-0,73,1757,-2,4610,-2,10118,1,-74
2026-03-06 11:10:28.746,RIOT-BLE-0,74,1757,-2,4616,-2,10119,1,-71
2026-03-06 11:10:28.895,RIOT-BLE-0,75,1757,-2,4615,-2,10118,1,-69
2026-03-06 11:10:28.946,RIOT-BLE-0,76,1757,-2,4621,-2,10119,1,-68
2026-03-06 11:10:29.046,RIOT-BLE-0,77,1756,-2,4612,-2,10119,1,-69
2026-03-06 11:10:29.396,RIOT-BLE-0,78,1757,-2,4616,-2,10118,1,-74
2026-03-06 11:10:29.399,RIOT-BLE-0,79,1757,-2,4613,-2,10119,1,-74
2026-03-06 11:10:29.546,RIOT-BLE-0,81,1757,-2,4620,-2,10119,1,-68
2026-03-06 11:10:29.646,RIOT-BLE-0,82,1757,-2,4627,-2,10120,1,-70
2026-03-06 11:10:29.746,RIOT-BLE-0,83,1758,-2,4626,-2,10120,1,-77
2026-03-06 11:10:29.896,RIOT-BLE-0,84,1758,-2,4621,-2,10124,1,-67
2026-03-06 11:10:29.997,RIOT-BLE-0,85,1758,-2,4630,-2,10121,1,-72
2026-03-06 11:10:30.146,RIOT-BLE-0,86,1759,-2,4629,-2,10122,1,-69
2026-03-06 11:10:30.245,RIOT-BLE-0,87,1760,-2,4628,-2,10121,1,-68
2026-03-06 11:10:30.346,RIOT-BLE-0,88,1760,-2,4618,-2,10122,1,-69
2026-03-06 11:10:30.498,RIOT-BLE-0,89,1760,-2,4620,-2,10121,1,-72
2026-03-06 11:10:30.546,RIOT-BLE-0,90,1761,-2,4624,-2,10122,1,-73
2026-03-06 11:10:30.848,RIOT-BLE-0,91,1762,-2,4631,-2,10121,1,-71
2026-03-06 11:10:30.850,RIOT-BLE-0,92,1763,-2,4637,-2,10120,1,-71
2026-03-06 11:10:31.047,RIOT-BLE-0,93,1764,-2,4631,-2,10119,1,-73
2026-03-06 11:10:31.049,RIOT-BLE-0,94,1764,-2,4615,-2,10119,1,-72
2026-03-06 11:10:31.148,RIOT-BLE-0,95,1764,-2,4625,-2,10120,1,-74
2026-03-06 11:10:31.496,RIOT-BLE-0,96,1764,-2,4611,-2,10120,1,-76
2026-03-06 11:10:27,595 # RIOT-BLE-0,64,1760,-2,4607,-2,10117,1,-69
2026-03-06 11:10:27,695 # RIOT-BLE-0,65,1760,-2,4613,-2,10118,1,-70
2026-03-06 11:10:27,795 # RIOT-BLE-0,66,1760,-2,4607,-2,10118,1,-69
2026-03-06 11:10:27,896 # RIOT-BLE-0,67,1759,-2,4608,-2,10118,1,-69
2026-03-06 11:10:28,047 # RIOT-BLE-0,68,1759,-2,4610,-2,10118,1,-69
2026-03-06 11:10:28,147 # RIOT-BLE-0,69,1758,-2,4619,-2,10118,1,-66
2026-03-06 11:10:28,246 # RIOT-BLE-0,70,1758,-2,4616,-2,10118,1,-70
2026-03-06 11:10:28,396 # RIOT-BLE-0,71,1757,-2,4614,-2,10118,1,-69
2026-03-06 11:10:28,496 # RIOT-BLE-0,72,1758,-2,4628,-2,10118,1,-72
2026-03-06 11:10:28,596 # RIOT-BLE-0,73,1757,-2,4610,-2,10118,1,-74
2026-03-06 11:10:28,746 # RIOT-BLE-0,74,1757,-2,4616,-2,10119,1,-71
2026-03-06 11:10:28,895 # RIOT-BLE-0,75,1757,-2,4615,-2,10118,1,-69
2026-03-06 11:10:28,946 # RIOT-BLE-0,76,1757,-2,4621,-2,10119,1,-68
2026-03-06 11:10:29,046 # RIOT-BLE-0,77,1756,-2,4612,-2,10119,1,-69
2026-03-06 11:10:29,396 # RIOT-BLE-0,78,1757,-2,4616,-2,10118,1,-74
2026-03-06 11:10:29,399 # RIOT-BLE-0,79,1757,-2,4613,-2,10119,1,-74
2026-03-06 11:10:29,546 # RIOT-BLE-0,81,1757,-2,4620,-2,10119,1,-68
2026-03-06 11:10:29,646 # RIOT-BLE-0,82,1757,-2,4627,-2,10120,1,-70
2026-03-06 11:10:29,746 # RIOT-BLE-0,83,1758,-2,4626,-2,10120,1,-77
2026-03-06 11:10:29,896 # RIOT-BLE-0,84,1758,-2,4621,-2,10124,1,-67
2026-03-06 11:10:29,997 # RIOT-BLE-0,85,1758,-2,4630,-2,10121,1,-72
2026-03-06 11:10:30,146 # RIOT-BLE-0,86,1759,-2,4629,-2,10122,1,-69
2026-03-06 11:10:30,245 # RIOT-BLE-0,87,1760,-2,4628,-2,10121,1,-68
2026-03-06 11:10:30,346 # RIOT-BLE-0,88,1760,-2,4618,-2,10122,1,-69
2026-03-06 11:10:30,498 # RIOT-BLE-0,89,1760,-2,4620,-2,10121,1,-72
2026-03-06 11:10:30,546 # RIOT-BLE-0,90,1761,-2,4624,-2,10122,1,-73
2026-03-06 11:10:30,848 # RIOT-BLE-0,91,1762,-2,4631,-2,10121,1,-71
2026-03-06 11:10:30,850 # RIOT-BLE-0,92,1763,-2,4637,-2,10120,1,-71
2026-03-06 11:10:31,047 # RIOT-BLE-0,93,1764,-2,4631,-2,10119,1,-73
2026-03-06 11:10:31,049 # RIOT-BLE-0,94,1764,-2,4615,-2,10119,1,-72
2026-03-06 11:10:31,148 # RIOT-BLE-0,95,1764,-2,4625,-2,10120,1,-74
2026-03-06 11:10:31,496 # RIOT-BLE-0,96,1764,-2,4611,-2,10120,1,-76
2026-03-06 11:10:31,500 # RIOT-BLE-0,97,1764,-2,4631,-2,10120,1,-75
2026-03-06 11:10:31,898 # RIOT-BLE-0,99,1765,-2,4619,-2,10119,1,-73
2026-03-06 11:10:31,998 # RIOT-BLE-0,100,1764,-2,4617,-2,10120,1,-74
2026-03-06 11:10:32,001 # RIOT-BLE-0,102,1766,-2,4620,-2,10120,1,-72
2026-03-06 11:10:32,248 # RIOT-BLE-0,103,1765,-2,4621,-2,10120,1,-72
2026-03-06 11:10:32,250 # RIOT-BLE-0,104,1766,-2,4620,-2,10119,1,-72
2026-03-06 11:10:32,446 # RIOT-BLE-0,105,1766,-2,4621,-2,10120,1,-71
2026-03-06 11:10:32,450 # RIOT-BLE-0,106,1768,-2,4619,-2,10120,1,-73
2026-03-06 11:10:32,548 # RIOT-BLE-0,107,1769,-2,4624,-2,10123,1,-73
2026-03-06 11:10:32,948 # RIOT-BLE-0,108,1769,-2,4621,-2,10145,1,-70
2026-03-06 11:10:32,951 # RIOT-BLE-0,109,1770,-2,4624,-2,10130,1,-70
2026-03-06 11:10:33,081 # # RX: adv addr=69:08:a8:fb:b8:ad rssi31.500,RIOT-BLE-0,97,1764,-2,4631,-2,10120,1,-75
2026-03-06 11:10:31.898,RIOT-BLE-0,99,1765,-2,4619,-2,10119,1,-73
2026-03-06 11:10:31.998,RIOT-BLE-0,100,1764,-2,4617,-2,10120,1,-74
2026-03-06 11:10:32.001,RIOT-BLE-0,102,1766,-2,4620,-2,10120,1,-72
2026-03-06 11:10:32.248,RIOT-BLE-0,103,1765,-2,4621,-2,10120,1,-72
2026-03-06 11:10:32.250,RIOT-BLE-0,104,1766,-2,4620,-2,10119,1,-72
2026-03-06 11:10:32.446,RIOT-BLE-0,105,1766,-2,4621,-2,10120,1,-71
2026-03-06 11:10:32.450,RIOT-BLE-0,106,1768,-2,4619,-2,10120,1,-73
2026-03-06 11:10:32.548,RIOT-BLE-0,107,1769,-2,4624,-2,10123,1,-73
2026-03-06 11:10:32.948,RIOT-BLE-0,108,1769,-2,4621,-2,10145,1,-70
2026-03-06 11:10:32.951,RIOT-BLE-0,109,1770,-2,4624,-2,10130,1,-70
2026-03-06 11:10:34.296,RIOT-BLE-0,111,1770,-2,4624,-2,10119,1,-79
2026-03-06 11:10:35.397,RIOT-BLE-0,112,1771,-2,4618,-2,10119,1,-77
2026-03-06 11:10:36.047,RIOT-BLE-0,123,1766,-2,4621,-2,10119,1,-78
2026-03-06 11:10:36.050,RIOT-BLE-0,132,1766,-2,4634,-2,10119,1,-77
2026-03-06 11:10:36.598,RIOT-BLE-0,138,1767,-2,4643,-2,10119,1,-76
2026-03-06 11:10:36.601,RIOT-BLE-0,139,1766,-2,4630,-2,10119,1,-74
2026-03-06 11:10:36.748,RIOT-BLE-0,143,1767,-2,4631,-2,10119,1,-75
2026-03-06 11:10:37.998,RIOT-BLE-0,144,1765,-2,4626,-2,10119,1,-74
2026-03-06 11:10:38.949,RIOT-BLE-0,145,1766,-2,4631,-2,10119,1,-76
2026-03-06 11:10:39.197,RIOT-BLE-0,155,1765,-2,4626,-2,10119,1,-73
2026-03-06 11:10:39.201,RIOT-BLE-0,163,1764,-2,4631,-2,10119,1,-73
2026-03-06 11:10:39.949,RIOT-BLE-0,165,1763,-2,4631,-2,10119,1,-75
2026-03-06 11:10:39.951,RIOT-BLE-0,166,1763,-2,4631,-2,10119,1,-75
2026-03-06 11:10:40.150,RIOT-BLE-0,171,1762,-2,4632,-2,10119,1,-71
2026-03-06 11:10:40.598,RIOT-BLE-0,172,1762,-2,4627,-2,10119,1,-77
2026-03-06 11:10:40.850,RIOT-BLE-0,173,1762,-2,4637,-2,10119,1,-75
2026-03-06 11:10:42.048,RIOT-BLE-0,177,1763,-2,4637,-2,10120,1,-77
2026-03-06 11:10:42.099,RIOT-BLE-0,179,1763,-2,4637,-2,10119,1,-75
2026-03-06 11:10:42.151,RIOT-BLE-0,189,1763,-2,4636,-2,10119,1,-72
2026-03-06 11:10:42.300,RIOT-BLE-0,190,1763,-2,4632,-2,10119,1,-73
2026-03-06 11:10:42.304,RIOT-BLE-0,191,1764,-2,4649,-2,10119,1,-73
2026-03-06 11:10:42.650,RIOT-BLE-0,192,1763,-2,4634,-2,10119,1,-77
2026-03-06 11:10:43.699,RIOT-BLE-0,193,1763,-2,4638,-2,10119,1,-74
2026-03-06 11:10:43.703,RIOT-BLE-0,195,1763,-2,4638,-2,10119,1,-74
2026-03-06 11:10:43.999,RIOT-BLE-0,204,1773,-2,4644,-2,10130,1,-76
2026-03-06 11:10:46.151,RIOT-BLE-0,205,1775,-2,4651,-2,10243,1,-73
2026-03-06 11:10:46.155,RIOT-BLE-0,206,1775,-2,4640,-2,10119,1,-73
2026-03-06 11:10:46.899,RIOT-BLE-0,225,1773,-2,4678,-2,10084,1,-73
2026-03-06 11:10:46.903,RIOT-BLE-0,226,1774,-2,4677,-2,10124,1,-72
2026-03-06 11:10:47.851,RIOT-BLE-0,231,1791,-2,4691,-2,10238,1,-75
2026-03-06 11:10:47.854,RIOT-BLE-0,232,1796,-2,4680,-2,10179,1,-75
2026-03-06 11:10:48.300,RIOT-BLE-0,239,1799,-2,4700,-2,10128,1,-74
2026-03-06 11:10:48.303,RIOT-BLE-0,240,1800,-2,4700,-2,10129,1,-74
2026-03-06 11:10:49.800,RIOT-BLE-0,243,1813,-2,4713,-2,10133,1,-74
2026-03-06 11:10:49.805,RIOT-BLE-0,244,1815,-2,4718,-2,10130,1,-74
2026-03-06 11:10:49.956,RIOT-BLE-0,256,1832,-2,4723,-2,10130,1,-76
2026-03-06 11:10:50.353,RIOT-BLE-0,257,1830,-2,4734,-2,10122,1,-72
2026-03-06 11:10:50.455,RIOT-BLE-0,258,1830,-2,4729,-2,10121,1,-74
2026-03-06 11:15:11,800 # RIOT-BLE-3,207,1763,-2,3180,-2,10041,1,-71
2026-03-06 11:15:11,996 # RIOT-BLE-3,209,1760,-2,3171,-2,10041,1,-75
2026-03-06 11:15:12,096 # RIOT-BLE-3,210,1760,-2,3171,-2,10041,1,-73
2026-03-06 11:15:12,196 # RIOT-BLE-3,211,1758,-2,3177,-2,10041,1,-73
2026-03-06 11:15:12,199 # RIOT-BLE-3,212,1758,-2,3163,-2,10041,1,-73
2026-03-06 11:15:12,297 # RIOT-BLE-3,213,1758,-2,3160,-2,10041,1,-73
2026-03-06 11:15:12,396 # RIOT-BLE-3,214,1757,-2,3177,-2,10041,1,-71
2026-03-06 11:15:12,545 # RIOT-BLE-3,215,1756,-2,3159,-2,10041,1,-73
2026-03-06 11:15:12,796 # RIOT-BLE-3,216,1756,-2,3146,-2,10040,1,-78
2026-03-06 11:15:12,896 # RIOT-BLE-3,217,1754,-2,3146,-2,10040,1,-71
2026-03-06 11:15:12,899 # RIOT-BLE-3,218,1753,-2,3150,-2,10040,1,-73
2026-03-06 11:15:13,246 # RIOT-BLE-3,219,1752,-2,3147,-2,10041,1,-70
2026-03-06 11:15:13,250 # RIOT-BLE-3,220,1751,-2,3138,-2,10040,1,-70
2026-03-06 11:15:13,346 # RIOT-BLE-3,222,1749,-2,3148,-2,10040,1,-74
2026-03-06 11:15:13,546 # RIOT-BLE-3,223,1748,-2,3137,-2,10040,1,-74
2026-03-06 11:15:13,646 # RIOT-BLE-3,224,1747,-2,3125,-2,10041,1,-72
2026-03-06 11:15:13,650 # RIOT-BLE-3,225,1747,-2,3132,-2,10040,1,-70
2026-03-06 11:15:13,899 # RIOT-BLE-3,226,1746,-2,3137,-2,10039,1,-71
2026-03-06 11:15:13,902 # RIOT-BLE-3,227,1746,-2,3126,-2,10040,1,-71
2026-03-06 11:15:14,047 # RIOT-BLE-3,228,1745,-2,3122,-2,10040,1,-74
2026-03-06 11:15:14,148 # RIOT-BLE-3,229,1746,-2,3122,-2,10040,1,-68
2026-03-06 11:15:14,247 # RIOT-BLE-3,230,1745,-2,3128,-2,10040,1,-70
2026-03-06 11:15:14,347 # RIOT-BLE-3,231,1745,-2,3126,-2,10040,1,-70
2026-03-06 11:15:15,048 # RIOT-BLE-3,232,1744,-2,3122,-2,10040,1,-70
2026-03-06 11:15:15,050 # RIOT-BLE-3,233,1744,-2,3124,-2,10040,1,-70
2026-03-06 11:15:15,349 # RIOT-BLE-3,238,1742,-2,3127,-2,10039,1,-68
2026-03-06 11:15:15,351 # RIOT-BLE-3,239,1742,-2,3120,-2,10040,1,-69
2026-03-06 11:15:15,397 # RIOT-BLE-3,240,1743,-2,3133,-2,10040,1,-70
2026-03-06 11:15:15,546 # RIOT-BLE-3,241,1742,-2,3122,-2,10040,1,-70
2026-03-06 11:15:15,647 # RIOT-BLE-3,242,1742,-2,3124,-2,10040,1,-73
2026-03-06 11:15:15,797 # RIOT-BLE-3,243,1743,-2,3128,-2,10041,1,-71
2026-03-06 11:15:15,847 # RIOT-BLE-3,244,1742,-2,3137,-2,10040,1,-70
2026-03-06 11:15:16,047 # RIOT-BLE-3,245,1742,-2,3142,-2,10040,1,-69
2026-03-06 11:15:16,097 # RIOT-BLE-3,246,1742,-2,3133,-2,10040,1,-69
2026-03-06 11:15:16,397 # RIOT-BLE-3,247,1740,-2,3137,-2,10040,1,-69
2026-03-06 11:15:16,400 # RIOT-BLE-3,248,1740,-2,3141,-2,10040,1,-69
2026-03-06 11:15:16,498 # RIOT-BLE-3,249,1739,-2,3138,-2,10040,1,-70
2026-03-06 11:15:16,598 # RIOT-BLE-3,250,1738,-2,3136,-2,10041,1,-67
2026-03-06 11:15:16,897 # RIOT-BLE-3,25=-44 name=LAPTOP-QKC2JSCT uuid=0 name_match=0
