2026-03-06 10:32:30.839,RIOT-BLE-1,1091,1963,-2,4416,-2,10112,1,-63
2026-03-06 10:32:30.840,RIOT-BLE-2,5320,1501,-2,3766,-2,10040,1,-28
2026-03-06 10:32:30.840,RIOT-BLE-1,1092,1964,-2,4424,-2,10112,1,-55
2026-03-06 10:32:30.840,RIOT-BLE-2,5321,1500,-2,3766,-2,10041,1,-26
2026-03-06 10:32:30.841,RIOT-BLE-2,5322,1501,-2,3772,-2,10041,1,-25
2026-03-06 10:32:30.841,RIOT-BLE-1,1093,1963,-2,4426,-2,10112,1,-55
2026-03-06 10:32:30.842,RIOT-BLE-1,1094,1963,-2,4440,-2,10112,1,-53
2026-03-06 10:32:30.842,RIOT-BLE-2,5323,1500,-2,3775,-2,10041,1,-28
2026-03-06 10:32:30.842,RIOT-BLE-1,1095,1964,-2,4422,-2,10112,1,-54
2026-03-06 10:32:30.842,RIOT-BLE-2,5324,1501,-2,3758,-2,10041,1,-27
2026-03-06 10:32:30.843,RIOT-BLE-2,5325,1500,-2,3762,-2,10041,1,-28
2026-03-06 10:32:30.843,RIOT-BLE-1,1096,1963,-2,4429,-2,10112,1,-53
2026-03-06 10:32:30.844,RIOT-BLE-1,1097,1963,-2,4416,-2,10112,1,-56
2026-03-06 10:32:30.844,RIOT-BLE-2,5326,1499,-2,3764,-2,10041,1,-28
2026-03-06 10:32:30.845,RIOT-BLE-1,1098,1963,-2,4428,-2,10112,1,-55
2026-03-06 10:32:30.845,RIOT-BLE-2,5327,1500,-2,3759,-2,10041,1,-25
2026-03-06 10:32:30.846,RIOT-BLE-2,5328,1500,-2,3768,-2,10041,1,-25
2026-03-06 10:32:30.846,RIOT-BLE-1,1099,1962,-2,4418,-2,10112,1,-51
2026-03-06 10:32:30.887,RIOT-BLE-1,1100,1962,-2,4422,-2,10112,1,-56
2026-03-06 10:32:30.909,RIOT-BLE-2,5329,1500,-2,3769,-2,10040,1,-25
2026-03-06 10:32:30.986,RIOT-BLE-1,1101,1961,-2,4421,-2,10112,1,-51
2026-03-06 10:32:31.010,RIOT-BLE-2,5330,1499,-2,3764,-2,10041,1,-26
2026-03-06 10:32:31.087,RIOT-BLE-1,1102,1961,-2,4426,-2,10112,1,-51
2026-03-06 10:32:31.110,RIOT-BLE-2,5331,1499,-2,3764,-2,10041,1,-25
2026-03-06 10:32:31.209,RIOT-BLE-2,5332,1498,-2,3765,-2,10040,1,-27
2026-03-06 10:32:31.237,RIOT-BLE-1,1103,1961,-2,4412,-2,10112,1,-50
2026-03-06 10:32:31.337,RIOT-BLE-1,1104,1960,-2,4419,-2,10112,1,-51
2026-03-06 10:32:31.361,RIOT-BLE-2,5333,1498,-2,3765,-2,10041,1,-29
2026-03-06 10:32:31.437,RIOT-BLE-1,1105,1959,-2,4420,-2,10112,1,-52
2026-03-06 10:32:31.460,RIOT-BLE-2,5334,1499,-2,3760,-2,10041,1,-29
2026-03-06 10:32:31.562,RIOT-BLE-2,5335,1498,-2,3769,-2,10040,1,-24
2026-03-06 10:32:31.587,RIOT-BLE-1,1106,1958,-2,4404,-2,10112,1,-52
2026-03-06 10:32:31.688,RIOT-BLE-1,1107,1958,-2,4406,-2,10113,1,-58
2026-03-06 10:32:31.710,RIOT-BLE-2,5336,1499,-2,3770,-2,10041,1,-26
2026-03-06 10:32:31.787,RIOT-BLE-1,1108,1956,-2,4419,-2,10112,1,-50
2026-03-06 10:32:31.815,RIOT-BLE-2,5337,1498,-2,3767,-2,10041,1,-25
2026-03-06 10:32:31.909,RIOT-BLE-2,5338,1499,-2,3760,-2,10041,1,-25
2026-03-06 10:32:31.936,RIOT-BLE-1,1109,1956,-2,4404,-2,10112,1,-50
2026-03-06 10:32:32.037,RIOT-BLE-1,1110,1956,-2,4416,-2,10113,1,-50
2026-03-06 10:32:32.061,RIOT-BLE-2,5339,1498,-2,3766,-2,10041,1,-26
2026-03-06 10:32:32.137,RIOT-BLE-1,1111,1956,-2,4412,-2,10112,1,-52
2026-03-06 10:32:32.160,RIOT-BLE-2,5340,1498,-2,3755,-2,10041,1,-26
2026-03-06 10:32:32.237,RIOT-BLE-1,1112,1954,-2,4412,-2,10112,1,-58
2026-03-06 10:32:32.261,RIOT-BLE-2,5341,1498,-2,3764,-2,10041,1,-25
2026-03-06 10:32:32.360,RIOT-BLE-2,5342,1498,-2,3764,-2,10041,1,-25
2026-03-06 10:32:32.387,RIOT-BLE-1,1113,1954,-2,4411,-2,10112,1,-55
2026-03-06 10:32:32.487,RIOT-BLE-1,1114,1954,-2,4405,-2,10112,1,-55
2026-03-06 10:32:32.509,RIOT-BLE-2,5343,1497,-2,3765,-2,10041,1,-25
2026-03-06 10:32:32.588,RIOT-BLE-1,1115,1955,-2,4407,-2,10112,1,-56
2026-03-06 10:32:32.610,RIOT-BLE-2,5344,1498,-2,3755,-2,10041,1,-26
2026-03-06 10:32:32.710,RIOT-BLE-2,5345,1496,-2,3762,-2,10041,1,-26
2026-03-06 10:32:32.737,RIOT-BLE-1,1116,1955,-2,4410,-2,10113,1,-54
2026-03-06 10:32:32.837,RIOT-BLE-1,1117,1955,-2,4400,-2,10112,1,-56
2026-03-06 10:32:32.861,RIOT-BLE-2,5346,1497,-2,3763,-2,10042,1,-26
2026-03-06 10:32:32.937,RIOT-BLE-1,1118,1954,-2,4412,-2,10112,1,-56
2026-03-06 10:32:32.960,RIOT-BLE-2,5347,1496,-2,3769,-2,10041,1,-25
2026-03-06 10:32:33.060,RIOT-BLE-2,5348,1496,-2,3764,-2,10042,1,-26
2026-03-06 10:32:33.087,RIOT-BLE-1,1119,1954,-2,4407,-2,10112,1,-57
2026-03-06 10:32:33.188,RIOT-BLE-1,1120,1954,-2,4407,-2,10113,1,-57
2026-03-06 10:32:33.210,RIOT-BLE-2,5349,1496,-2,3760,-2,10041,1,-26
2026-03-06 10:32:33.288,RIOT-BLE-1,1121,1954,-2,4408,-2,10112,1,-56
2026-03-06 10:32:33.310,RIOT-BLE-2,5350,1496,-2,3765,-2,10041,1,-26
2026-03-06 10:32:33.388,RIOT-BLE-1,1122,1953,-2,4401,-2,10113,1,-56
2026-03-06 10:32:33.410,RIOT-BLE-2,5351,1496,-2,3768,-2,10041,1,-30
2026-03-06 10:32:33.538,RIOT-BLE-1,1123,1953,-2,4409,-2,10113,1,-59
2026-03-06 10:32:33.559,RIOT-BLE-2,5352,1496,-2,3760,-2,10041,1,-26
2026-03-06 10:32:33.637,RIOT-BLE-1,1124,1952,-2,4398,-2,10113,1,-58
2026-03-06 10:32:33.662,RIOT-BLE-2,5353,1495,-2,3778,-2,10041,1,-25
2026-03-06 10:32:33.737,RIOT-BLE-1,1125,1951,-2,4402,-2,10112,1,-58
2026-03-06 10:32:33.760,RIOT-BLE-2,5354,1496,-2,3762,-2,10040,1,-26
2026-03-06 10:32:33.859,RIOT-BLE-2,5355,1496,-2,3769,-2,10041,1,-26
2026-03-06 10:32:33.891,RIOT-BLE-1,1126,1951,-2,4405,-2,10112,1,-55
2026-03-06 10:32:33.989,RIOT-BLE-1,1127,1950,-2,4406,-2,10113,1,-57
2026-03-06 10:32:34.010,RIOT-BLE-2,5356,1495,-2,3760,-2,10040,1,-24
2026-03-06 10:32:34.088,RIOT-BLE-1,1128,1950,-2,4402,-2,10112,1,-60
2026-03-06 10:32:34.110,RIOT-BLE-2,5357,1494,-2,3771,-2,10041,1,-26
2026-03-06 10:32:34.210,RIOT-BLE-2,5358,1495,-2,3763,-2,10041,1,-27
2026-03-06 10:32:34.238,RIOT-BLE-1,1129,1950,-2,4396,-2,10112,1,-56
2026-03-06 10:32:34.338,RIOT-BLE-1,1130,1949,-2,4398,-2,10112,1,-59
2026-03-06 10:32:34.361,RIOT-BLE-2,5359,1495,-2,3772,-2,10041,1,-26
2026-03-06 10:32:34.460,RIOT-BLE-2,5360,1495,-2,3771,-2,10041,1,-28
2026-03-06 10:32:34.488,RIOT-BLE-1,1131,1950,-2,4400,-2,10112,1,-56
2026-03-06 10:32:34.539,RIOT-BLE-1,1132,1950,-2,4399,-2,10112,1,-56
2026-03-06 10:32:34.561,RIOT-BLE-2,5361,1495,-2,3770,-2,10040,1,-26
2026-03-06 10:32:34.689,RIOT-BLE-1,1133,1949,-2,4398,-2,10112,1,-57
2026-03-06 10:32:34.712,RIOT-BLE-2,5362,1495,-2,3775,-2,10040,1,-24
2026-03-06 10:32:34.789,RIOT-BLE-1,1134,1949,-2,4394,-2,10112,1,-55
2026-03-06 10:32:34.812,RIOT-BLE-2,5363,1495,-2,3764,-2,10041,1,-24
2026-03-06 10:32:34.889,RIOT-BLE-1,1135,1948,-2,4396,-2,10112,1,-59
2026-03-06 10:32:34.913,RIOT-BLE-2,5364,1495,-2,3770,-2,10041,1,-26
2026-03-06 10:32:35.010,RIOT-BLE-2,5365,1495,-2,3778,-2,10041,1,-25
2026-03-06 10:32:35.037,RIOT-BLE-1,1136,1948,-2,4405,-2,10112,1,-56
2026-03-06 10:32:35.139,RIOT-BLE-1,1137,1948,-2,4399,-2,10113,1,-58
2026-03-06 10:32:35.162,RIOT-BLE-2,5366,1495,-2,3768,-2,10041,1,-25
2026-03-06 10:32:35.239,RIOT-BLE-1,1138,1948,-2,4396,-2,10112,1,-60
2026-03-06 10:32:35.261,RIOT-BLE-2,5367,1495,-2,3778,-2,10041,1,-25
2026-03-06 10:32:35.361,RIOT-BLE-2,5368,1495,-2,3765,-2,10041,1,-26
2026-03-06 10:32:35.389,RIOT-BLE-1,1139,1947,-2,4397,-2,10112,1,-59
2026-03-06 10:32:35.488,RIOT-BLE-1,1140,1947,-2,4399,-2,10112,1,-61
2026-03-06 10:32:35.511,RIOT-BLE-2,5369,1496,-2,3776,-2,10041,1,-25
2026-03-06 10:32:35.588,RIOT-BLE-1,1141,1947,-2,4406,-2,10113,1,-58
2026-03-06 10:32:35.611,RIOT-BLE-2,5370,1496,-2,3774,-2,10041,1,-26
2026-03-06 10:32:35.689,RIOT-BLE-1,1142,1947,-2,4391,-2,10112,1,-62
2026-03-06 10:32:35.711,RIOT-BLE-2,5371,1496,-2,3773,-2,10041,1,-26
2026-03-06 10:32:35.839,RIOT-BLE-1,1143,1946,-2,4403,-2,10112,1,-61
2026-03-06 10:32:35.865,RIOT-BLE-2,5372,1495,-2,3773,-2,10041,1,-25
2026-03-06 10:32:35.939,RIOT-BLE-1,1144,1946,-2,4394,-2,10112,1,-62
2026-03-06 10:32:35.961,RIOT-BLE-2,5373,1495,-2,3769,-2,10041,1,-25
2026-03-06 10:32:36.038,RIOT-BLE-1,1145,1945,-2,4392,-2,10113,1,-59
2026-03-06 10:32:36.061,RIOT-BLE-2,5374,1495,-2,3788,-2,10041,1,-26
2026-03-06 10:32:36.162,RIOT-BLE-2,5375,1496,-2,3772,-2,10041,1,-28
2026-03-06 10:32:36.194,RIOT-BLE-1,1146,1946,-2,4388,-2,10112,1,-61
2026-03-06 10:32:36.288,RIOT-BLE-1,1147,1946,-2,4391,-2,10112,1,-58
2026-03-06 10:32:36.311,RIOT-BLE-2,5376,1495,-2,3771,-2,10041,1,-25
2026-03-06 10:32:36.389,RIOT-BLE-1,1148,1946,-2,4381,-2,10112,1,-58
2026-03-06 10:32:36.410,RIOT-BLE-2,5377,1495,-2,3770,-2,10041,1,-25
2026-03-06 10:32:36.512,RIOT-BLE-2,5378,1494,-2,3778,-2,10040,1,-28
2026-03-06 10:32:36.538,RIOT-BLE-1,1149,1946,-2,4395,-2,10112,1,-57
2026-03-06 10:32:36.639,RIOT-BLE-1,1150,1945,-2,4388,-2,10112,1,-55
2026-03-06 10:32:36.661,RIOT-BLE-2,5379,1494,-2,3784,-2,10041,1,-26
2026-03-06 10:32:36.738,RIOT-BLE-1,1151,1945,-2,4387,-2,10112,1,-55
2026-03-06 10:32:36.761,RIOT-BLE-2,5380,1494,-2,3777,-2,10040,1,-26
2026-03-06 10:32:36.862,RIOT-BLE-2,5381,1494,-2,3787,-2,10041,1,-27
2026-03-06 10:32:36.888,RIOT-BLE-1,1152,1945,-2,4390,-2,10112,1,-54
2026-03-06 10:32:36.989,RIOT-BLE-1,1153,1945,-2,4404,-2,10113,1,-51
2026-03-06 10:32:37.015,RIOT-BLE-2,5382,1494,-2,3786,-2,10041,1,-26
2026-03-06 10:32:37.089,RIOT-BLE-1,1154,1943,-2,4402,-2,10113,1,-52
2026-03-06 10:32:37.111,RIOT-BLE-2,5383,1494,-2,3779,-2,10041,1,-26
2026-03-06 10:32:37.189,RIOT-BLE-1,1155,1943,-2,4397,-2,10112,1,-51
2026-03-06 10:32:37.212,RIOT-BLE-2,5384,1493,-2,3790,-2,10041,1,-24
2026-03-06 10:32:37.339,RIOT-BLE-1,1156,1943,-2,4392,-2,10112,1,-54
2026-03-06 10:32:37.361,RIOT-BLE-2,5385,1494,-2,3778,-2,10041,1,-26
2026-03-06 10:32:37.439,RIOT-BLE-1,1157,1943,-2,4393,-2,10112,1,-57
2026-03-06 10:32:37.462,RIOT-BLE-2,5386,1495,-2,3774,-2,10041,1,-29
2026-03-06 10:32:37.539,RIOT-BLE-1,1158,1942,-2,4406,-2,10112,1,-60
2026-03-06 10:32:37.561,RIOT-BLE-2,5387,1494,-2,3777,-2,10040,1,-26
2026-03-06 10:32:37.663,RIOT-BLE-2,5388,1494,-2,3782,-2,10041,1,-29
2026-03-06 10:32:37.689,RIOT-BLE-1,1159,1943,-2,4413,-2,10112,1,-64
2026-03-06 10:32:37.789,RIOT-BLE-1,1160,1942,-2,4401,-2,10113,1,-58
2026-03-06 10:32:37.812,RIOT-BLE-2,5389,1494,-2,3775,-2,10041,1,-26
2026-03-06 10:32:37.890,RIOT-BLE-1,1161,1942,-2,4398,-2,10113,1,-49
2026-03-06 10:32:37.912,RIOT-BLE-2,5390,1494,-2,3782,-2,10041,1,-26
2026-03-06 10:32:38.011,RIOT-BLE-2,5391,1494,-2,3784,-2,10041,1,-29
2026-03-06 10:32:38.040,RIOT-BLE-1,1162,1941,-2,4409,-2,10114,1,-44
2026-03-06 10:32:38.143,RIOT-BLE-1,1163,1941,-2,4401,-2,10113,1,-43
2026-03-06 10:32:38.161,RIOT-BLE-2,5392,1493,-2,3789,-2,10041,1,-25
2026-03-06 10:32:38.238,RIOT-BLE-1,1164,1941,-2,4405,-2,10113,1,-42
2026-03-06 10:32:38.260,RIOT-BLE-2,5393,1492,-2,3794,-2,10041,1,-24
2026-03-06 10:32:38.339,RIOT-BLE-1,1165,1940,-2,4413,-2,10113,1,-41
2026-03-06 10:32:38.361,RIOT-BLE-2,5394,1493,-2,3793,-2,10041,1,-26
2026-03-06 10:32:38.489,RIOT-BLE-1,1166,1941,-2,4409,-2,10113,1,-43
2026-03-06 10:32:38.512,RIOT-BLE-2,5395,1492,-2,3785,-2,10041,1,-25
2026-03-06 10:32:38.590,RIOT-BLE-1,1167,1940,-2,4420,-2,10110,1,-57
2026-03-06 10:32:38.612,RIOT-BLE-2,5396,1494,-2,3803,-2,10040,1,-25
2026-03-06 10:32:38.690,RIOT-BLE-1,1168,1940,-2,4420,-2,10114,1,-63
2026-03-06 10:32:38.712,RIOT-BLE-2,5397,1493,-2,3798,-2,10041,1,-29
2026-03-06 10:32:38.812,RIOT-BLE-2,5398,1493,-2,3789,-2,10041,1,-24
2026-03-06 10:32:38.839,RIOT-BLE-1,1169,1939,-2,4423,-2,10113,1,-56
2026-03-06 10:32:38.940,RIOT-BLE-1,1170,1938,-2,4423,-2,10113,1,-60
2026-03-06 10:32:38.966,RIOT-BLE-2,5399,1493,-2,3802,-2,10041,1,-24
2026-03-06 10:32:39.041,RIOT-BLE-1,1171,1936,-2,4415,-2,10113,1,-55
2026-03-06 10:32:39.062,RIOT-BLE-2,5400,1493,-2,3794,-2,10041,1,-24
2026-03-06 10:32:39.162,RIOT-BLE-2,5401,1493,-2,3800,-2,10041,1,-26
2026-03-06 10:32:39.194,RIOT-BLE-1,1172,1935,-2,4418,-2,10113,1,-56
2026-03-06 10:32:39.289,RIOT-BLE-1,1173,1934,-2,4425,-2,10113,1,-54
2026-03-06 10:32:39.311,RIOT-BLE-2,5402,1493,-2,3808,-2,10041,1,-25
2026-03-06 10:32:39.389,RIOT-BLE-1,1174,1933,-2,4423,-2,10113,1,-57
2026-03-06 10:32:39.411,RIOT-BLE-2,5403,1492,-2,3808,-2,10041,1,-25
2026-03-06 10:32:39.489,RIOT-BLE-1,1175,1931,-2,4424,-2,10113,1,-62
2026-03-06 10:32:39.511,RIOT-BLE-2,5404,1492,-2,3804,-2,10041,1,-26
2026-03-06 10:32:39.640,RIOT-BLE-1,1176,1929,-2,4426,-2,10113,1,-57
2026-03-06 10:32:39.661,RIOT-BLE-2,5405,1492,-2,3819,-2,10041,1,-26
2026-03-06 10:32:39.740,RIOT-BLE-1,1177,1928,-2,4423,-2,10113,1,-58
2026-03-06 10:32:39.763,RIOT-BLE-2,5406,1491,-2,3811,-2,10040,1,-29
2026-03-06 10:32:39.840,RIOT-BLE-1,1178,1927,-2,4420,-2,10113,1,-59
2026-03-06 10:32:39.862,RIOT-BLE-2,5407,1492,-2,3816,-2,10041,1,-29
2026-03-06 10:32:39.962,RIOT-BLE-2,5408,1492,-2,3807,-2,10040,1,-25
2026-03-06 10:32:39.990,RIOT-BLE-1,1179,1927,-2,4424,-2,10112,1,-58
2026-03-06 10:32:40.094,RIOT-BLE-1,1180,1926,-2,4423,-2,10112,1,-59
2026-03-06 10:32:40.116,RIOT-BLE-2,5409,1492,-2,3805,-2,10041,1,-28
2026-03-06 10:32:40.190,RIOT-BLE-1,1181,1927,-2,4424,-2,10113,1,-65
2026-03-06 10:32:40.213,RIOT-BLE-2,5410,1492,-2,3813,-2,10041,1,-24
2026-03-06 10:32:40.313,RIOT-BLE-2,5411,1492,-2,3824,-2,10040,1,-26
2026-03-06 10:32:40.338,RIOT-BLE-1,1182,1925,-2,4429,-2,10112,1,-62
2026-03-06 10:32:40.439,RIOT-BLE-1,1183,1924,-2,4414,-2,10113,1,-59
2026-03-06 10:32:40.463,RIOT-BLE-2,5412,1492,-2,3813,-2,10041,1,-26
2026-03-06 10:32:40.539,RIOT-BLE-1,1184,1925,-2,4426,-2,10112,1,-56
2026-03-06 10:32:40.562,RIOT-BLE-2,5413,1493,-2,3823,-2,10040,1,-26
2026-03-06 10:32:40.638,RIOT-BLE-1,1185,1925,-2,4435,-2,10112,1,-57
2026-03-06 10:32:40.661,RIOT-BLE-2,5414,1492,-2,3808,-2,10040,1,-27
2026-03-06 10:32:40.789,RIOT-BLE-1,1186,1924,-2,4418,-2,10112,1,-56
2026-03-06 10:32:40.811,RIOT-BLE-2,5415,1492,-2,3830,-2,10041,1,-24
2026-03-06 10:32:40.891,RIOT-BLE-1,1187,1926,-2,4426,-2,10112,1,-58
2026-03-06 10:32:40.914,RIOT-BLE-2,5416,1492,-2,3819,-2,10041,1,-25
2026-03-06 10:32:40.990,RIOT-BLE-1,1188,1926,-2,4432,-2,10112,1,-59
2026-03-06 10:32:41.015,RIOT-BLE-2,5417,1492,-2,3825,-2,10040,1,-26
2026-03-06 10:32:41.112,RIOT-BLE-2,5418,1492,-2,3832,-2,10041,1,-24
2026-03-06 10:32:41.140,RIOT-BLE-1,1189,1927,-2,4431,-2,10112,1,-57
2026-03-06 10:32:41.240,RIOT-BLE-1,1190,1925,-2,4426,-2,10113,1,-63
2026-03-06 10:32:41.263,RIOT-BLE-2,5419,1492,-2,3813,-2,10040,1,-24
2026-03-06 10:32:41.340,RIOT-BLE-1,1191,1925,-2,4430,-2,10112,1,-60
2026-03-06 10:32:41.362,RIOT-BLE-2,5420,1492,-2,3827,-2,10041,1,-24
2026-03-06 10:32:41.462,RIOT-BLE-2,5421,1493,-2,3829,-2,10041,1,-26
2026-03-06 10:32:41.490,RIOT-BLE-1,1192,1926,-2,4442,-2,10112,1,-56
2026-03-06 10:32:41.590,RIOT-BLE-1,1193,1925,-2,4438,-2,10113,1,-60
2026-03-06 10:32:41.613,RIOT-BLE-2,5422,1492,-2,3827,-2,10041,1,-27
2026-03-06 10:32:41.690,RIOT-BLE-1,1194,1925,-2,4441,-2,10112,1,-60
2026-03-06 10:32:41.713,RIOT-BLE-2,5423,1492,-2,3835,-2,10041,1,-25
2026-03-06 10:32:41.790,RIOT-BLE-1,1195,1925,-2,4447,-2,10112,1,-58
2026-03-06 10:32:41.812,RIOT-BLE-2,5424,1491,-2,3828,-2,10041,1,-26
2026-03-06 10:32:41.939,RIOT-BLE-1,1196,1925,-2,4429,-2,10112,1,-61
2026-03-06 10:32:41.961,RIOT-BLE-2,5425,1491,-2,3824,-2,10041,1,-25
2026-03-06 10:32:42.040,RIOT-BLE-1,1197,1924,-2,4441,-2,10113,1,-57
2026-03-06 10:32:42.062,RIOT-BLE-2,5426,1492,-2,3814,-2,10041,1,-25
2026-03-06 10:32:42.144,RIOT-BLE-1,1198,1925,-2,4436,-2,10112,1,-62
2026-03-06 10:32:42.163,RIOT-BLE-2,5427,1493,-2,3831,-2,10041,1,-28
2026-03-06 10:32:42.288,RIOT-BLE-1,1199,1924,-2,4438,-2,10112,1,-63
2026-03-06 10:32:42.312,RIOT-BLE-2,5428,1492,-2,3828,-2,10041,1,-29
2026-03-06 10:32:42.391,RIOT-BLE-1,1200,1924,-2,4435,-2,10112,1,-62
2026-03-06 10:32:42.412,RIOT-BLE-2,5429,1491,-2,3825,-2,10041,1,-25
2026-03-06 10:32:42.490,RIOT-BLE-1,1201,1925,-2,4441,-2,10112,1,-64
2026-03-06 10:32:42.512,RIOT-BLE-2,5430,1492,-2,3831,-2,10041,1,-25
2026-03-06 10:32:42.613,RIOT-BLE-2,5431,1492,-2,3835,-2,10041,1,-29
2026-03-06 10:32:42.640,RIOT-BLE-1,1202,1924,-2,4449,-2,10113,1,-67
2026-03-06 10:32:42.741,RIOT-BLE-1,1203,1924,-2,4448,-2,10113,1,-65
2026-03-06 10:32:42.763,RIOT-BLE-2,5432,1491,-2,3838,-2,10041,1,-29
2026-03-06 10:32:42.840,RIOT-BLE-1,1204,1923,-2,4449,-2,10112,1,-64
2026-03-06 10:32:42.862,RIOT-BLE-2,5433,1492,-2,3844,-2,10041,1,-27
2026-03-06 10:32:42.941,RIOT-BLE-1,1205,1923,-2,4447,-2,10113,1,-62
2026-03-06 10:32:42.962,RIOT-BLE-2,5434,1492,-2,3824,-2,10041,1,-26
2026-03-06 10:32:43.090,RIOT-BLE-1,1206,1923,-2,4448,-2,10112,1,-64
2026-03-06 10:32:43.112,RIOT-BLE-2,5435,1492,-2,3844,-2,10041,1,-24
2026-03-06 10:32:43.190,RIOT-BLE-1,1207,1922,-2,4449,-2,10113,1,-66
2026-03-06 10:32:43.212,RIOT-BLE-2,5436,1492,-2,3838,-2,10040,1,-28
2026-03-06 10:32:43.289,RIOT-BLE-1,1208,1922,-2,4454,-2,10112,1,-64
2026-03-06 10:32:43.312,RIOT-BLE-2,5437,1492,-2,3836,-2,10041,1,-26
2026-03-06 10:32:43.441,RIOT-BLE-1,1209,1923,-2,4450,-2,10113,1,-67
2026-03-06 10:32:43.462,RIOT-BLE-2,5438,1492,-2,3834,-2,10041,1,-26
2026-03-06 10:32:43.542,RIOT-BLE-1,1210,1922,-2,4460,-2,10112,1,-61
2026-03-06 10:32:43.563,RIOT-BLE-2,5439,1492,-2,3840,-2,10040,1,-24
2026-03-06 10:32:43.640,RIOT-BLE-1,1211,1923,-2,4457,-2,10113,1,-56
2026-03-06 10:32:43.662,RIOT-BLE-2,5440,1492,-2,3845,-2,10041,1,-24
2026-03-06 10:32:43.762,RIOT-BLE-2,5441,1493,-2,3841,-2,10041,1,-24
2026-03-06 10:32:43.790,RIOT-BLE-1,1212,1921,-2,4451,-2,10113,1,-58
2026-03-06 10:32:43.889,RIOT-BLE-1,1213,1920,-2,4463,-2,10113,1,-59
2026-03-06 10:32:43.913,RIOT-BLE-2,5442,1492,-2,3838,-2,10041,1,-25
2026-03-06 10:32:43.990,RIOT-BLE-1,1214,1920,-2,4452,-2,10112,1,-53
2026-03-06 10:32:44.013,RIOT-BLE-2,5443,1492,-2,3843,-2,10041,1,-28
2026-03-06 10:32:44.113,RIOT-BLE-2,5444,1493,-2,3845,-2,10041,1,-26
2026-03-06 10:32:44.140,RIOT-BLE-1,1215,1920,-2,4465,-2,10113,1,-62
2026-03-06 10:32:44.240,RIOT-BLE-1,1216,1920,-2,4463,-2,10112,1,-62
2026-03-06 10:32:44.268,RIOT-BLE-2,5445,1493,-2,3835,-2,10041,1,-29
2026-03-06 10:32:44.341,RIOT-BLE-1,1217,1920,-2,4465,-2,10112,1,-62
2026-03-06 10:32:44.363,RIOT-BLE-2,5446,1493,-2,3845,-2,10040,1,-23
2026-03-06 10:32:44.439,RIOT-BLE-1,1218,1919,-2,4468,-2,10113,1,-59
2026-03-06 10:32:44.462,RIOT-BLE-2,5447,1493,-2,3842,-2,10041,1,-24
2026-03-06 10:32:44.590,RIOT-BLE-1,1219,1919,-2,4474,-2,10113,1,-62
2026-03-06 10:32:44.612,RIOT-BLE-2,5448,1491,-2,3854,-2,10041,1,-25
2026-03-06 10:32:44.691,RIOT-BLE-1,1220,1919,-2,4474,-2,10112,1,-61
2026-03-06 10:32:44.713,RIOT-BLE-2,5449,1492,-2,3849,-2,10041,1,-24
2026-03-06 10:32:44.794,RIOT-BLE-1,1221,1919,-2,4480,-2,10112,1,-61
2026-03-06 10:32:44.813,RIOT-BLE-2,5450,1492,-2,3854,-2,10041,1,-24
2026-03-06 10:32:44.913,RIOT-BLE-2,5451,1492,-2,3846,-2,10041,1,-26
2026-03-06 10:32:44.941,RIOT-BLE-1,1222,1919,-2,4463,-2,10113,1,-55
2026-03-06 10:32:45.039,RIOT-BLE-1,1223,1918,-2,4465,-2,10113,1,-63
2026-03-06 10:32:45.064,RIOT-BLE-2,5452,1493,-2,3855,-2,10041,1,-24
2026-03-06 10:32:45.140,RIOT-BLE-1,1224,1917,-2,4467,-2,10112,1,-59
2026-03-06 10:32:45.164,RIOT-BLE-2,5453,1493,-2,3849,-2,10041,1,-29
2026-03-06 10:32:45.263,RIOT-BLE-2,5454,1492,-2,3858,-2,10041,1,-24
2026-03-06 10:32:45.291,RIOT-BLE-1,1225,1917,-2,4472,-2,10113,1,-53
2026-03-06 10:32:45.391,RIOT-BLE-1,1226,1917,-2,4474,-2,10112,1,-54
2026-03-06 10:32:45.414,RIOT-BLE-2,5455,1492,-2,3859,-2,10041,1,-27
2026-03-06 10:32:45.491,RIOT-BLE-1,1227,1916,-2,4483,-2,10112,1,-62
2026-03-06 10:32:45.513,RIOT-BLE-2,5456,1492,-2,3864,-2,10041,1,-23
2026-03-06 10:32:45.591,RIOT-BLE-1,1228,1916,-2,4482,-2,10112,1,-55
2026-03-06 10:32:45.613,RIOT-BLE-2,5457,1492,-2,3876,-2,10041,1,-24
2026-03-06 10:32:45.743,RIOT-BLE-1,1229,1915,-2,4490,-2,10112,1,-53
2026-03-06 10:32:45.761,RIOT-BLE-2,5458,1492,-2,3872,-2,10041,1,-24
2026-03-06 10:32:45.840,RIOT-BLE-1,1230,1916,-2,4489,-2,10113,1,-50
2026-03-06 10:32:45.863,RIOT-BLE-2,5459,1493,-2,3867,-2,10041,1,-24
2026-03-06 10:32:45.943,RIOT-BLE-1,1231,1916,-2,4490,-2,10113,1,-53
2026-03-06 10:32:45.964,RIOT-BLE-2,5460,1492,-2,3873,-2,10041,1,-26
2026-03-06 10:32:46.092,RIOT-BLE-1,1232,1915,-2,4492,-2,10113,1,-54
2026-03-06 10:32:46.112,RIOT-BLE-2,5461,1492,-2,3881,-2,10041,1,-28
2026-03-06 10:32:46.191,RIOT-BLE-1,1233,1914,-2,4488,-2,10112,1,-63
2026-03-06 10:32:46.214,RIOT-BLE-2,5462,1492,-2,3875,-2,10041,1,-28
2026-03-06 10:32:46.291,RIOT-BLE-1,1234,1914,-2,4488,-2,10113,1,-53
2026-03-06 10:32:46.314,RIOT-BLE-2,5463,1492,-2,3890,-2,10041,1,-25
2026-03-06 10:32:46.414,RIOT-BLE-2,5464,1492,-2,3879,-2,10041,1,-24
2026-03-06 10:32:46.440,RIOT-BLE-1,1235,1913,-2,4496,-2,10112,1,-53
2026-03-06 10:32:46.544,RIOT-BLE-1,1236,1913,-2,4499,-2,10112,1,-53
2026-03-06 10:32:46.563,RIOT-BLE-2,5465,1493,-2,3885,-2,10041,1,-23
2026-03-06 10:32:46.642,RIOT-BLE-1,1237,1913,-2,4497,-2,10112,1,-54
2026-03-06 10:32:46.663,RIOT-BLE-2,5466,1493,-2,3891,-2,10041,1,-23
2026-03-06 10:32:46.741,RIOT-BLE-1,1238,1913,-2,4502,-2,10113,1,-49
2026-03-06 10:32:46.764,RIOT-BLE-2,5467,1493,-2,3890,-2,10041,1,-25
2026-03-06 10:32:46.891,RIOT-BLE-1,1239,1911,-2,4505,-2,10113,1,-62
2026-03-06 10:32:46.913,RIOT-BLE-2,5468,1494,-2,3893,-2,10042,1,-25
2026-03-06 10:32:47.013,RIOT-BLE-2,5469,1493,-2,3896,-2,10041,1,-24
2026-03-06 10:32:47.040,RIOT-BLE-1,1240,1912,-2,4505,-2,10112,1,-57
2026-03-06 10:32:47.090,RIOT-BLE-1,1241,1911,-2,4496,-2,10113,1,-58
2026-03-06 10:32:47.113,RIOT-BLE-2,5470,1493,-2,3903,-2,10041,1,-24
2026-03-06 10:32:47.241,RIOT-BLE-1,1242,1911,-2,4511,-2,10113,1,-67
2026-03-06 10:32:47.264,RIOT-BLE-2,5471,1493,-2,3893,-2,10041,1,-25
2026-03-06 10:32:47.341,RIOT-BLE-1,1243,1910,-2,4506,-2,10113,1,-55
2026-03-06 10:32:47.364,RIOT-BLE-2,5472,1492,-2,3910,-2,10042,1,-23
2026-03-06 10:32:47.441,RIOT-BLE-1,1244,1911,-2,4519,-2,10112,1,-66
2026-03-06 10:32:47.464,RIOT-BLE-2,5473,1493,-2,3917,-2,10042,1,-24
2026-03-06 10:32:47.563,RIOT-BLE-2,5474,1492,-2,3915,-2,10042,1,-27
2026-03-06 10:32:47.591,RIOT-BLE-1,1245,1912,-2,4517,-2,10112,1,-62
2026-03-06 10:32:47.691,RIOT-BLE-1,1246,1911,-2,4519,-2,10113,1,-66
2026-03-06 10:32:47.714,RIOT-BLE-2,5475,1491,-2,3905,-2,10042,1,-28
2026-03-06 10:32:47.791,RIOT-BLE-1,1247,1911,-2,4510,-2,10113,1,-67
2026-03-06 10:32:47.814,RIOT-BLE-2,5476,1492,-2,3916,-2,10042,1,-25
2026-03-06 10:32:47.913,RIOT-BLE-2,5477,1490,-2,3913,-2,10041,1,-25
2026-03-06 10:32:47.942,RIOT-BLE-1,1248,1911,-2,4526,-2,10112,1,-57
2026-03-06 10:32:48.040,RIOT-BLE-1,1249,1911,-2,4531,-2,10113,1,-60
2026-03-06 10:32:48.064,RIOT-BLE-2,5478,1490,-2,3916,-2,10040,1,-25
2026-03-06 10:32:48.140,RIOT-BLE-1,1250,1911,-2,4523,-2,10112,1,-58
2026-03-06 10:32:48.169,RIOT-BLE-2,5479,1490,-2,3925,-2,10041,1,-28
2026-03-06 10:32:48.241,RIOT-BLE-1,1251,1911,-2,4524,-2,10113,1,-58
2026-03-06 10:32:48.263,RIOT-BLE-2,5480,1491,-2,3918,-2,10041,1,-29
2026-03-06 10:32:48.390,RIOT-BLE-1,1252,1910,-2,4525,-2,10113,1,-58
2026-03-06 10:32:48.412,RIOT-BLE-2,5481,1491,-2,3922,-2,10041,1,-25
2026-03-06 10:32:48.491,RIOT-BLE-1,1253,1910,-2,4529,-2,10113,1,-62
2026-03-06 10:32:48.513,RIOT-BLE-2,5482,1492,-2,3915,-2,10041,1,-24
2026-03-06 10:32:48.590,RIOT-BLE-1,1254,1910,-2,4522,-2,10113,1,-69
2026-03-06 10:32:48.612,RIOT-BLE-2,5483,1491,-2,3914,-2,10041,1,-24
2026-03-06 10:32:48.712,RIOT-BLE-2,5484,1491,-2,3913,-2,10041,1,-24
2026-03-06 10:32:48.741,RIOT-BLE-1,1255,1910,-2,4529,-2,10113,1,-63
2026-03-06 10:32:48.841,RIOT-BLE-1,1256,1911,-2,4535,-2,10112,1,-60
2026-03-06 10:32:48.864,RIOT-BLE-2,5485,1490,-2,3913,-2,10041,1,-24
2026-03-06 10:32:48.941,RIOT-BLE-1,1257,1911,-2,4524,-2,10112,1,-59
2026-03-06 10:32:48.964,RIOT-BLE-2,5486,1492,-2,3919,-2,10042,1,-24
2026-03-06 10:32:49.064,RIOT-BLE-2,5487,1491,-2,3911,-2,10041,1,-23
2026-03-06 10:32:49.096,RIOT-BLE-1,1258,1911,-2,4529,-2,10112,1,-62
2026-03-06 10:32:49.196,RIOT-BLE-1,1259,1911,-2,4541,-2,10112,1,-61
2026-03-06 10:32:49.215,RIOT-BLE-2,5488,1492,-2,3909,-2,10041,1,-26
2026-03-06 10:32:49.292,RIOT-BLE-1,1260,1912,-2,4531,-2,10114,1,-64
2026-03-06 10:32:49.314,RIOT-BLE-2,5489,1491,-2,3921,-2,10041,1,-24
2026-03-06 10:32:49.391,RIOT-BLE-1,1261,1912,-2,4525,-2,10112,1,-61
2026-03-06 10:32:49.414,RIOT-BLE-2,5490,1492,-2,3924,-2,10040,1,-26
2026-03-06 10:32:49.541,RIOT-BLE-1,1262,1912,-2,4546,-2,10113,1,-62
2026-03-06 10:32:49.562,RIOT-BLE-2,5491,1491,-2,3926,-2,10040,1,-24
2026-03-06 10:32:49.640,RIOT-BLE-1,1263,1913,-2,4545,-2,10113,1,-62
2026-03-06 10:32:49.662,RIOT-BLE-2,5492,1491,-2,3922,-2,10041,1,-25
2026-03-06 10:32:49.748,RIOT-BLE-1,1264,1912,-2,4551,-2,10114,1,-61
2026-03-06 10:32:49.763,RIOT-BLE-2,5493,1491,-2,3927,-2,10041,1,-25
2026-03-06 10:32:49.891,RIOT-BLE-1,1265,1913,-2,4549,-2,10113,1,-59
2026-03-06 10:32:49.913,RIOT-BLE-2,5494,1490,-2,3926,-2,10040,1,-25
2026-03-06 10:32:49.992,RIOT-BLE-1,1266,1913,-2,4545,-2,10113,1,-63
2026-03-06 10:32:50.014,RIOT-BLE-2,5495,1491,-2,3924,-2,10041,1,-24
2026-03-06 10:32:50.045,RIOT-BLE-0,0,1540,-2,5120,-2,10119,1,-53
2026-03-06 10:32:50.091,RIOT-BLE-1,1267,1913,-2,4540,-2,10113,1,-62
2026-03-06 10:32:50.114,RIOT-BLE-2,5496,1491,-2,3933,-2,10041,1,-24
2026-03-06 10:32:50.146,RIOT-BLE-0,1,1541,-2,5121,-2,10119,1,-53
2026-03-06 10:32:50.215,RIOT-BLE-2,5497,1490,-2,3926,-2,10041,1,-24
2026-03-06 10:32:50.241,RIOT-BLE-1,1268,1913,-2,4547,-2,10114,1,-56
2026-03-06 10:32:50.246,RIOT-BLE-0,2,1541,-2,5119,-2,10119,1,-52
2026-03-06 10:32:50.342,RIOT-BLE-1,1269,1913,-2,4554,-2,10114,1,-57
2026-03-06 10:32:50.365,RIOT-BLE-2,5498,1491,-2,3936,-2,10041,1,-29
2026-03-06 10:32:50.395,RIOT-BLE-0,3,1541,-2,5123,-2,10119,1,-52
2026-03-06 10:32:50.442,RIOT-BLE-1,1270,1913,-2,4562,-2,10114,1,-60
2026-03-06 10:32:50.467,RIOT-BLE-2,5499,1491,-2,3937,-2,10041,1,-23
2026-03-06 10:32:50.495,RIOT-BLE-0,4,1542,-2,5118,-2,10119,1,-52
2026-03-06 10:32:50.542,RIOT-BLE-1,1271,1914,-2,4559,-2,10113,1,-61
2026-03-06 10:32:50.564,RIOT-BLE-2,5500,1491,-2,3927,-2,10041,1,-25
2026-03-06 10:32:50.596,RIOT-BLE-0,5,1541,-2,5119,-2,10119,1,-52
2026-03-06 10:32:50.690,RIOT-BLE-1,1272,1914,-2,4570,-2,10114,1,-58
2026-03-06 10:32:50.714,RIOT-BLE-2,5501,1491,-2,3927,-2,10041,1,-23
2026-03-06 10:32:50.745,RIOT-BLE-0,6,1541,-2,5131,-2,10120,1,-51
2026-03-06 10:32:50.792,RIOT-BLE-1,1273,1913,-2,4563,-2,10112,1,-61
2026-03-06 10:32:50.815,RIOT-BLE-2,5502,1491,-2,3942,-2,10041,1,-24
2026-03-06 10:32:50.846,RIOT-BLE-0,7,1541,-2,5131,-2,10120,1,-51
2026-03-06 10:32:50.891,RIOT-BLE-1,1274,1914,-2,4567,-2,10113,1,-57
2026-03-06 10:32:50.914,RIOT-BLE-2,5503,1490,-2,3935,-2,10041,1,-23
2026-03-06 10:32:50.946,RIOT-BLE-0,8,1540,-2,5122,-2,10120,1,-51
2026-03-06 10:32:51.041,RIOT-BLE-1,1275,1915,-2,4564,-2,10114,1,-59
2026-03-06 10:32:51.045,RIOT-BLE-0,9,1540,-2,5133,-2,10119,1,-52
2026-03-06 10:32:51.064,RIOT-BLE-2,5504,1492,-2,3941,-2,10041,1,-23
2026-03-06 10:32:51.140,RIOT-BLE-1,1276,1915,-2,4573,-2,10114,1,-60
2026-03-06 10:32:51.164,RIOT-BLE-2,5505,1490,-2,3944,-2,10041,1,-27
2026-03-06 10:32:51.196,RIOT-BLE-0,10,1539,-2,5124,-2,10121,1,-52
2026-03-06 10:32:51.242,RIOT-BLE-1,1277,1915,-2,4571,-2,10112,1,-65
2026-03-06 10:32:51.264,RIOT-BLE-2,5506,1491,-2,3956,-2,10041,1,-25
2026-03-06 10:32:51.296,RIOT-BLE-0,11,1541,-2,5125,-2,10121,1,-52
2026-03-06 10:32:51.365,RIOT-BLE-2,5507,1491,-2,3949,-2,10041,1,-25
2026-03-06 10:32:51.391,RIOT-BLE-1,1278,1916,-2,4567,-2,10113,1,-62
2026-03-06 10:32:51.395,RIOT-BLE-0,12,1540,-2,5128,-2,10121,1,-54
2026-03-06 10:32:51.493,RIOT-BLE-1,1279,1915,-2,4573,-2,10113,1,-63
2026-03-06 10:32:51.514,RIOT-BLE-2,5508,1492,-2,3963,-2,10042,1,-24
2026-03-06 10:32:51.545,RIOT-BLE-0,13,1540,-2,5126,-2,10122,1,-52
2026-03-06 10:32:51.595,RIOT-BLE-1,1280,1915,-2,4577,-2,10113,1,-60
2026-03-06 10:32:51.615,RIOT-BLE-2,5509,1491,-2,3954,-2,10041,1,-27
2026-03-06 10:32:51.646,RIOT-BLE-0,14,1540,-2,5135,-2,10122,1,-53
2026-03-06 10:32:51.690,RIOT-BLE-1,1281,1915,-2,4570,-2,10113,1,-59
2026-03-06 10:32:51.714,RIOT-BLE-2,5510,1491,-2,3955,-2,10041,1,-28
2026-03-06 10:32:51.747,RIOT-BLE-0,15,1542,-2,5141,-2,10121,1,-54
2026-03-06 10:32:51.842,RIOT-BLE-1,1282,1916,-2,4580,-2,10113,1,-56
2026-03-06 10:32:51.864,RIOT-BLE-2,5511,1492,-2,3962,-2,10041,1,-24
2026-03-06 10:32:51.896,RIOT-BLE-0,16,1541,-2,5122,-2,10122,1,-52
2026-03-06 10:32:51.942,RIOT-BLE-1,1283,1915,-2,4581,-2,10113,1,-57
2026-03-06 10:32:51.965,RIOT-BLE-2,5512,1492,-2,3967,-2,10042,1,-23
2026-03-06 10:32:51.997,RIOT-BLE-0,17,1542,-2,5131,-2,10122,1,-51
2026-03-06 10:32:52.042,RIOT-BLE-1,1284,1915,-2,4574,-2,10113,1,-55
2026-03-06 10:32:52.065,RIOT-BLE-2,5513,1491,-2,3977,-2,10040,1,-23
2026-03-06 10:32:52.096,RIOT-BLE-0,18,1542,-2,5138,-2,10123,1,-52
2026-03-06 10:32:52.191,RIOT-BLE-1,1285,1916,-2,4583,-2,10113,1,-58
2026-03-06 10:32:52.196,RIOT-BLE-0,19,1543,-2,5140,-2,10138,1,-52
2026-03-06 10:32:52.213,RIOT-BLE-2,5514,1491,-2,3964,-2,10042,1,-24
2026-03-06 10:32:52.291,RIOT-BLE-1,1286,1915,-2,4573,-2,10114,1,-56
2026-03-06 10:32:52.313,RIOT-BLE-2,5515,1492,-2,3963,-2,10040,1,-26
2026-03-06 10:32:52.345,RIOT-BLE-0,20,1541,-2,5127,-2,10120,1,-57
2026-03-06 10:32:52.391,RIOT-BLE-1,1287,1914,-2,4592,-2,10113,1,-57
2026-03-06 10:32:52.415,RIOT-BLE-2,5516,1492,-2,3973,-2,10040,1,-24
2026-03-06 10:32:52.445,RIOT-BLE-0,21,1543,-2,5145,-2,10120,1,-54
2026-03-06 10:32:52.520,RIOT-BLE-2,5517,1492,-2,3985,-2,10041,1,-27
2026-03-06 10:32:52.542,RIOT-BLE-1,1288,1915,-2,4587,-2,10113,1,-53
2026-03-06 10:32:52.546,RIOT-BLE-0,22,1543,-2,5133,-2,10119,1,-54
2026-03-06 10:32:52.646,RIOT-BLE-1,1289,1914,-2,4582,-2,10113,1,-62
2026-03-06 10:32:52.664,RIOT-BLE-2,5518,1491,-2,3989,-2,10041,1,-24
2026-03-06 10:32:52.695,RIOT-BLE-0,23,1543,-2,5137,-2,10120,1,-58
2026-03-06 10:32:52.741,RIOT-BLE-1,1290,1914,-2,4585,-2,10113,1,-54
2026-03-06 10:32:52.764,RIOT-BLE-2,5519,1492,-2,3964,-2,10041,1,-25
2026-03-06 10:32:52.797,RIOT-BLE-0,24,1543,-2,5146,-2,10120,1,-52
2026-03-06 10:32:52.842,RIOT-BLE-1,1291,1914,-2,4580,-2,10113,1,-54
2026-03-06 10:32:52.865,RIOT-BLE-2,5520,1492,-2,3968,-2,10041,1,-25
2026-03-06 10:32:52.896,RIOT-BLE-0,25,1543,-2,5142,-2,10120,1,-50
2026-03-06 10:32:52.992,RIOT-BLE-1,1292,1913,-2,4595,-2,10113,1,-51
2026-03-06 10:32:53.015,RIOT-BLE-2,5521,1492,-2,3983,-2,10041,1,-25
2026-03-06 10:32:53.046,RIOT-BLE-0,26,1544,-2,5141,-2,10119,1,-46
2026-03-06 10:32:53.092,RIOT-BLE-1,1293,1913,-2,4594,-2,10113,1,-53
2026-03-06 10:32:53.114,RIOT-BLE-2,5522,1493,-2,3988,-2,10041,1,-24
2026-03-06 10:32:53.146,RIOT-BLE-0,27,1544,-2,5150,-2,10119,1,-49
2026-03-06 10:32:53.199,RIOT-BLE-1,1294,1913,-2,4586,-2,10113,1,-56
2026-03-06 10:32:53.215,RIOT-BLE-2,5523,1492,-2,3981,-2,10042,1,-24
2026-03-06 10:32:53.246,RIOT-BLE-0,28,1544,-2,5139,-2,10120,1,-49
2026-03-06 10:32:53.342,RIOT-BLE-1,1295,1913,-2,4592,-2,10113,1,-59
2026-03-06 10:32:53.345,RIOT-BLE-0,29,1544,-2,5154,-2,10128,1,-50
2026-03-06 10:32:53.365,RIOT-BLE-2,5524,1493,-2,3980,-2,10041,1,-25
2026-03-06 10:32:53.441,RIOT-BLE-1,1296,1912,-2,4591,-2,10113,1,-62
2026-03-06 10:32:53.465,RIOT-BLE-2,5525,1492,-2,3971,-2,10042,1,-25
2026-03-06 10:32:53.496,RIOT-BLE-0,30,1544,-2,5144,-2,10134,1,-44
2026-03-06 10:32:53.540,RIOT-BLE-1,1297,1912,-2,4584,-2,10113,1,-58
2026-03-06 10:32:53.564,RIOT-BLE-2,5526,1492,-2,3982,-2,10042,1,-24
2026-03-06 10:32:53.600,RIOT-BLE-0,31,1544,-2,5143,-2,10139,1,-46
2026-03-06 10:32:53.664,RIOT-BLE-2,5527,1500,-2,3992,-2,10059,1,-24
2026-03-06 10:32:53.691,RIOT-BLE-1,1298,1912,-2,4593,-2,10113,1,-64
2026-03-06 10:32:53.696,RIOT-BLE-0,32,1544,-2,5150,-2,10135,1,-43
2026-03-06 10:32:53.791,RIOT-BLE-1,1299,1911,-2,4591,-2,10113,1,-55
2026-03-06 10:32:53.814,RIOT-BLE-2,5528,1503,-2,3988,-2,10060,1,-24
2026-03-06 10:32:53.849,RIOT-BLE-0,33,1544,-2,5150,-2,10129,1,-43
2026-03-06 10:32:53.891,RIOT-BLE-1,1300,1912,-2,4594,-2,10113,1,-59
2026-03-06 10:32:53.914,RIOT-BLE-2,5529,1505,-2,3981,-2,10060,1,-25
2026-03-06 10:32:53.951,RIOT-BLE-0,34,1544,-2,5157,-2,10123,1,-46
2026-03-06 10:32:53.991,RIOT-BLE-1,1301,1911,-2,4604,-2,10113,1,-61
2026-03-06 10:32:54.019,RIOT-BLE-2,5530,1508,-2,3992,-2,10060,1,-24
2026-03-06 10:32:54.046,RIOT-BLE-0,35,1545,-2,5144,-2,10121,1,-46
2026-03-06 10:32:54.142,RIOT-BLE-1,1302,1911,-2,4592,-2,10113,1,-59
2026-03-06 10:32:54.165,RIOT-BLE-2,5531,1509,-2,3990,-2,10060,1,-23
2026-03-06 10:32:54.196,RIOT-BLE-0,36,1545,-2,5157,-2,10120,1,-45
2026-03-06 10:32:54.243,RIOT-BLE-1,1303,1910,-2,4601,-2,10113,1,-72
2026-03-06 10:32:54.265,RIOT-BLE-2,5532,1511,-2,3994,-2,10060,1,-25
2026-03-06 10:32:54.297,RIOT-BLE-0,37,1546,-2,5148,-2,10120,1,-46
2026-03-06 10:32:54.343,RIOT-BLE-1,1304,1910,-2,4597,-2,10113,1,-56
2026-03-06 10:32:54.365,RIOT-BLE-2,5533,1512,-2,3984,-2,10060,1,-29
2026-03-06 10:32:54.398,RIOT-BLE-0,38,1546,-2,5160,-2,10120,1,-45
2026-03-06 10:32:54.498,RIOT-BLE-0,39,1546,-2,5160,-2,10120,1,-46
2026-03-06 10:32:54.514,RIOT-BLE-2,5534,1514,-2,3996,-2,10060,1,-27
2026-03-06 10:32:54.541,RIOT-BLE-1,1305,1909,-2,4584,-2,10112,1,-58
2026-03-06 10:32:54.592,RIOT-BLE-1,1306,1910,-2,4605,-2,10113,1,-57
2026-03-06 10:32:54.615,RIOT-BLE-2,5535,1516,-2,4001,-2,10060,1,-23
2026-03-06 10:32:54.648,RIOT-BLE-0,40,1546,-2,5159,-2,10120,1,-45
2026-03-06 10:32:54.692,RIOT-BLE-1,1307,1909,-2,4592,-2,10113,1,-59
2026-03-06 10:32:54.714,RIOT-BLE-2,5536,1517,-2,3987,-2,10060,1,-24
2026-03-06 10:32:54.747,RIOT-BLE-0,41,1545,-2,5156,-2,10121,1,-46
2026-03-06 10:32:54.844,RIOT-BLE-1,1308,1908,-2,4597,-2,10113,1,-59
2026-03-06 10:32:54.848,RIOT-BLE-0,42,1545,-2,5157,-2,10120,1,-46
2026-03-06 10:32:54.864,RIOT-BLE-2,5537,1519,-2,3987,-2,10060,1,-28
2026-03-06 10:32:54.942,RIOT-BLE-1,1309,1909,-2,4598,-2,10113,1,-59
2026-03-06 10:32:54.964,RIOT-BLE-2,5538,1520,-2,3985,-2,10060,1,-27
2026-03-06 10:32:54.996,RIOT-BLE-0,43,1545,-2,5161,-2,10120,1,-48
2026-03-06 10:32:55.041,RIOT-BLE-1,1310,1909,-2,4593,-2,10113,1,-55
2026-03-06 10:32:55.065,RIOT-BLE-2,5539,1521,-2,3999,-2,10061,1,-27
2026-03-06 10:32:55.097,RIOT-BLE-0,44,1545,-2,5162,-2,10120,1,-51
2026-03-06 10:32:55.165,RIOT-BLE-2,5540,1523,-2,3990,-2,10061,1,-28
2026-03-06 10:32:55.193,RIOT-BLE-1,1311,1908,-2,4598,-2,10113,1,-55
2026-03-06 10:32:55.196,RIOT-BLE-0,45,1544,-2,5152,-2,10120,1,-52
2026-03-06 10:32:55.292,RIOT-BLE-1,1312,1909,-2,4598,-2,10113,1,-62
2026-03-06 10:32:55.315,RIOT-BLE-2,5541,1524,-2,3983,-2,10061,1,-23
2026-03-06 10:32:55.346,RIOT-BLE-0,46,1544,-2,5164,-2,10120,1,-52
2026-03-06 10:32:55.393,RIOT-BLE-1,1313,1910,-2,4596,-2,10113,1,-60
2026-03-06 10:32:55.415,RIOT-BLE-2,5542,1525,-2,3984,-2,10060,1,-23
2026-03-06 10:32:55.448,RIOT-BLE-0,47,1543,-2,5155,-2,10122,1,-49
2026-03-06 10:32:55.492,RIOT-BLE-1,1314,1910,-2,4591,-2,10114,1,-55
2026-03-06 10:32:55.515,RIOT-BLE-2,5543,1519,-2,4011,-2,10043,1,-24
2026-03-06 10:32:55.547,RIOT-BLE-0,48,1544,-2,5162,-2,10120,1,-55
2026-03-06 10:32:55.643,RIOT-BLE-1,1315,1910,-2,4597,-2,10113,1,-57
2026-03-06 10:32:55.669,RIOT-BLE-2,5544,1519,-2,3985,-2,10043,1,-25
2026-03-06 10:32:55.696,RIOT-BLE-0,49,1543,-2,5161,-2,10120,1,-49
2026-03-06 10:32:55.742,RIOT-BLE-1,1316,1909,-2,4600,-2,10113,1,-52
2026-03-06 10:32:55.764,RIOT-BLE-2,5545,1518,-2,4004,-2,10043,1,-25
2026-03-06 10:32:55.797,RIOT-BLE-0,50,1544,-2,5159,-2,10119,1,-48
2026-03-06 10:32:55.843,RIOT-BLE-1,1317,1910,-2,4597,-2,10112,1,-62
2026-03-06 10:32:55.865,RIOT-BLE-2,5546,1516,-2,3999,-2,10042,1,-29
2026-03-06 10:32:55.897,RIOT-BLE-0,51,1544,-2,5156,-2,10120,1,-46
2026-03-06 10:32:55.997,RIOT-BLE-1,1318,1909,-2,4593,-2,10113,1,-57
2026-03-06 10:32:56.004,RIOT-BLE-0,52,1544,-2,5171,-2,10120,1,-45
2026-03-06 10:32:56.015,RIOT-BLE-2,5547,1516,-2,3997,-2,10043,1,-25
2026-03-06 10:32:56.092,RIOT-BLE-1,1319,1909,-2,4599,-2,10113,1,-60
2026-03-06 10:32:56.114,RIOT-BLE-2,5548,1516,-2,3999,-2,10043,1,-28
2026-03-06 10:32:56.146,RIOT-BLE-0,53,1544,-2,5153,-2,10119,1,-46
2026-03-06 10:32:56.192,RIOT-BLE-1,1320,1910,-2,4602,-2,10113,1,-64
2026-03-06 10:32:56.215,RIOT-BLE-2,5549,1514,-2,3985,-2,10042,1,-29
2026-03-06 10:32:56.246,RIOT-BLE-0,54,1542,-2,5173,-2,10120,1,-45
2026-03-06 10:32:56.319,RIOT-BLE-2,5550,1514,-2,3986,-2,10042,1,-25
2026-03-06 10:32:56.342,RIOT-BLE-1,1321,1910,-2,4599,-2,10113,1,-53
2026-03-06 10:32:56.345,RIOT-BLE-0,55,1542,-2,5171,-2,10119,1,-48
2026-03-06 10:32:56.441,RIOT-BLE-1,1322,1910,-2,4595,-2,10113,1,-70
2026-03-06 10:32:56.464,RIOT-BLE-2,5551,1514,-2,3993,-2,10042,1,-25
2026-03-06 10:32:56.496,RIOT-BLE-0,56,1543,-2,5165,-2,10119,1,-47
2026-03-06 10:32:56.541,RIOT-BLE-1,1323,1911,-2,4613,-2,10113,1,-55
2026-03-06 10:32:56.564,RIOT-BLE-2,5552,1513,-2,3988,-2,10042,1,-25
2026-03-06 10:32:56.597,RIOT-BLE-0,57,1541,-2,5164,-2,10119,1,-47
2026-03-06 10:32:56.641,RIOT-BLE-1,1324,1911,-2,4603,-2,10113,1,-56
2026-03-06 10:32:56.664,RIOT-BLE-2,5553,1512,-2,4005,-2,10042,1,-25
2026-03-06 10:32:56.697,RIOT-BLE-0,58,1540,-2,5166,-2,10119,1,-46
2026-03-06 10:32:56.791,RIOT-BLE-1,1325,1911,-2,4590,-2,10113,1,-53
2026-03-06 10:32:56.813,RIOT-BLE-2,5554,1511,-2,3985,-2,10042,1,-23
2026-03-06 10:32:56.846,RIOT-BLE-0,59,1540,-2,5168,-2,10119,1,-46
2026-03-06 10:32:56.892,RIOT-BLE-1,1326,1911,-2,4599,-2,10114,1,-56
2026-03-06 10:32:56.915,RIOT-BLE-2,5555,1511,-2,3991,-2,10043,1,-24
2026-03-06 10:32:56.946,RIOT-BLE-0,60,1540,-2,5162,-2,10119,1,-46
2026-03-06 10:32:56.992,RIOT-BLE-1,1327,1911,-2,4606,-2,10113,1,-56
2026-03-06 10:32:57.015,RIOT-BLE-2,5556,1510,-2,3989,-2,10043,1,-29
2026-03-06 10:32:57.047,RIOT-BLE-0,61,1540,-2,5160,-2,10120,1,-45
2026-03-06 10:32:57.142,RIOT-BLE-1,1328,1910,-2,4591,-2,10114,1,-59
2026-03-06 10:32:57.146,RIOT-BLE-0,62,1540,-2,5165,-2,10120,1,-44
2026-03-06 10:32:57.166,RIOT-BLE-2,5557,1510,-2,3987,-2,10042,1,-24
2026-03-06 10:32:57.247,RIOT-BLE-1,1329,1910,-2,4610,-2,10114,1,-55
2026-03-06 10:32:57.265,RIOT-BLE-2,5558,1510,-2,4000,-2,10043,1,-24
2026-03-06 10:32:57.297,RIOT-BLE-0,63,1541,-2,5176,-2,10120,1,-50
2026-03-06 10:32:57.345,RIOT-BLE-1,1330,1911,-2,4592,-2,10113,1,-58
2026-03-06 10:32:57.365,RIOT-BLE-2,5559,1510,-2,3989,-2,10043,1,-24
2026-03-06 10:32:57.397,RIOT-BLE-0,64,1541,-2,5173,-2,10120,1,-50
2026-03-06 10:32:57.465,RIOT-BLE-2,5560,1510,-2,3994,-2,10043,1,-25
2026-03-06 10:32:57.492,RIOT-BLE-1,1331,1912,-2,4597,-2,10113,1,-55
2026-03-06 10:32:57.496,RIOT-BLE-0,65,1540,-2,5167,-2,10120,1,-53
2026-03-06 10:32:57.593,RIOT-BLE-1,1332,1912,-2,4604,-2,10113,1,-54
2026-03-06 10:32:57.615,RIOT-BLE-2,5561,1508,-2,3995,-2,10042,1,-24
2026-03-06 10:32:57.646,RIOT-BLE-0,66,1539,-2,5168,-2,10122,1,-54
2026-03-06 10:32:57.692,RIOT-BLE-1,1333,1911,-2,4598,-2,10113,1,-58
2026-03-06 10:32:57.715,RIOT-BLE-2,5562,1509,-2,3979,-2,10042,1,-25
2026-03-06 10:32:57.747,RIOT-BLE-0,67,1540,-2,5172,-2,10120,1,-54
2026-03-06 10:32:57.793,RIOT-BLE-1,1334,1911,-2,4599,-2,10113,1,-59
2026-03-06 10:32:57.816,RIOT-BLE-2,5563,1509,-2,3981,-2,10042,1,-27
2026-03-06 10:32:57.848,RIOT-BLE-0,68,1540,-2,5174,-2,10120,1,-54
2026-03-06 10:32:57.942,RIOT-BLE-1,1335,1910,-2,4622,-2,10114,1,-60
2026-03-06 10:32:57.966,RIOT-BLE-2,5564,1509,-2,3975,-2,10042,1,-24
2026-03-06 10:32:57.997,RIOT-BLE-0,69,1541,-2,5162,-2,10121,1,-55
2026-03-06 10:32:58.043,RIOT-BLE-1,1336,1910,-2,4601,-2,10113,1,-54
2026-03-06 10:32:58.065,RIOT-BLE-2,5565,1509,-2,3974,-2,10043,1,-24
2026-03-06 10:32:58.098,RIOT-BLE-0,70,1541,-2,5165,-2,10120,1,-55
2026-03-06 10:32:58.143,RIOT-BLE-1,1337,1912,-2,4602,-2,10113,1,-58
2026-03-06 10:32:58.171,RIOT-BLE-2,5566,1509,-2,3979,-2,10042,1,-27
2026-03-06 10:32:58.198,RIOT-BLE-0,71,1542,-2,5164,-2,10120,1,-53
2026-03-06 10:32:58.293,RIOT-BLE-1,1338,1911,-2,4599,-2,10113,1,-58
2026-03-06 10:32:58.298,RIOT-BLE-0,72,1542,-2,5183,-2,10120,1,-53
2026-03-06 10:32:58.315,RIOT-BLE-2,5567,1509,-2,3975,-2,10043,1,-25
2026-03-06 10:32:58.393,RIOT-BLE-1,1339,1911,-2,4597,-2,10113,1,-58
2026-03-06 10:32:58.416,RIOT-BLE-2,5568,1509,-2,3989,-2,10043,1,-23
2026-03-06 10:32:58.447,RIOT-BLE-0,73,1542,-2,5170,-2,10120,1,-51
2026-03-06 10:32:58.492,RIOT-BLE-1,1340,1911,-2,4604,-2,10113,1,-60
2026-03-06 10:32:58.516,RIOT-BLE-2,5569,1509,-2,3971,-2,10044,1,-23
2026-03-06 10:32:58.548,RIOT-BLE-0,74,1543,-2,5161,-2,10120,1,-51
2026-03-06 10:32:58.615,RIOT-BLE-2,5570,1510,-2,3979,-2,10044,1,-25
2026-03-06 10:32:58.644,RIOT-BLE-1,1341,1911,-2,4605,-2,10114,1,-63
2026-03-06 10:32:58.647,RIOT-BLE-0,75,1542,-2,5166,-2,10120,1,-53
2026-03-06 10:32:58.743,RIOT-BLE-1,1342,1912,-2,4607,-2,10112,1,-61
2026-03-06 10:32:58.765,RIOT-BLE-2,5571,1511,-2,3968,-2,10044,1,-25
2026-03-06 10:32:58.796,RIOT-BLE-0,76,1543,-2,5166,-2,10120,1,-52
2026-03-06 10:32:58.843,RIOT-BLE-1,1343,1912,-2,4601,-2,10113,1,-62
2026-03-06 10:32:58.864,RIOT-BLE-2,5572,1510,-2,3960,-2,10044,1,-27
2026-03-06 10:32:58.896,RIOT-BLE-0,77,1543,-2,5170,-2,10120,1,-55
2026-03-06 10:32:58.943,RIOT-BLE-1,1344,1912,-2,4598,-2,10113,1,-62
2026-03-06 10:32:58.966,RIOT-BLE-2,5573,1511,-2,3980,-2,10044,1,-25
2026-03-06 10:32:58.999,RIOT-BLE-0,78,1543,-2,5172,-2,10120,1,-52
2026-03-06 10:32:59.093,RIOT-BLE-1,1345,1912,-2,4593,-2,10113,1,-68
2026-03-06 10:32:59.116,RIOT-BLE-2,5574,1510,-2,3953,-2,10044,1,-25
2026-03-06 10:32:59.146,RIOT-BLE-0,79,1543,-2,5176,-2,10120,1,-54
2026-03-06 10:32:59.193,RIOT-BLE-1,1346,1912,-2,4599,-2,10112,1,-62
2026-03-06 10:32:59.216,RIOT-BLE-2,5575,1511,-2,3958,-2,10044,1,-23
2026-03-06 10:32:59.248,RIOT-BLE-0,80,1544,-2,5158,-2,10119,1,-54
2026-03-06 10:32:59.293,RIOT-BLE-1,1347,1912,-2,4604,-2,10113,1,-61
2026-03-06 10:32:59.315,RIOT-BLE-2,5576,1510,-2,3957,-2,10045,1,-29
2026-03-06 10:32:59.348,RIOT-BLE-0,81,1543,-2,5168,-2,10120,1,-53
2026-03-06 10:32:59.444,RIOT-BLE-1,1348,1912,-2,4589,-2,10113,1,-65
2026-03-06 10:32:59.447,RIOT-BLE-0,82,1544,-2,5178,-2,10120,1,-52
2026-03-06 10:32:59.466,RIOT-BLE-2,5577,1510,-2,3955,-2,10045,1,-25
2026-03-06 10:32:59.543,RIOT-BLE-1,1349,1912,-2,4598,-2,10112,1,-61
2026-03-06 10:32:59.566,RIOT-BLE-2,5578,1510,-2,3955,-2,10046,1,-23
2026-03-06 10:32:59.599,RIOT-BLE-0,83,1543,-2,5159,-2,10119,1,-53
2026-03-06 10:32:59.642,RIOT-BLE-1,1350,1912,-2,4599,-2,10113,1,-64
2026-03-06 10:32:59.666,RIOT-BLE-2,5579,1509,-2,3944,-2,10046,1,-28
2026-03-06 10:32:59.698,RIOT-BLE-0,84,1544,-2,5167,-2,10120,1,-49
2026-03-06 10:32:59.793,RIOT-BLE-1,1351,1913,-2,4593,-2,10113,1,-57
2026-03-06 10:32:59.799,RIOT-BLE-0,85,1545,-2,5173,-2,10120,1,-52
2026-03-06 10:32:59.819,RIOT-BLE-2,5580,1509,-2,3946,-2,10046,1,-29
2026-03-06 10:32:59.892,RIOT-BLE-1,1352,1912,-2,4605,-2,10113,1,-62
2026-03-06 10:32:59.919,RIOT-BLE-2,5581,1508,-2,3936,-2,10045,1,-23
2026-03-06 10:32:59.948,RIOT-BLE-0,86,1544,-2,5174,-2,10119,1,-51
2026-03-06 10:32:59.992,RIOT-BLE-1,1353,1912,-2,4604,-2,10113,1,-60
2026-03-06 10:33:00.015,RIOT-BLE-2,5582,1508,-2,3943,-2,10045,1,-25
2026-03-06 10:33:00.048,RIOT-BLE-0,87,1544,-2,5171,-2,10120,1,-54
2026-03-06 10:33:00.115,RIOT-BLE-2,5583,1508,-2,3937,-2,10044,1,-23
2026-03-06 10:33:00.143,RIOT-BLE-1,1354,1913,-2,4588,-2,10113,1,-60
2026-03-06 10:33:00.147,RIOT-BLE-0,88,1545,-2,5182,-2,10120,1,-50
2026-03-06 10:33:00.243,RIOT-BLE-1,1355,1913,-2,4594,-2,10113,1,-62
2026-03-06 10:33:00.265,RIOT-BLE-2,5584,1508,-2,3938,-2,10045,1,-27
2026-03-06 10:33:00.297,RIOT-BLE-0,89,1544,-2,5179,-2,10120,1,-54
2026-03-06 10:33:00.344,RIOT-BLE-1,1356,1912,-2,4594,-2,10114,1,-63
2026-03-06 10:33:00.366,RIOT-BLE-2,5585,1515,-2,3941,-2,10061,1,-26
2026-03-06 10:33:00.398,RIOT-BLE-0,90,1544,-2,5178,-2,10120,1,-53
2026-03-06 10:33:00.444,RIOT-BLE-1,1357,1912,-2,4593,-2,10112,1,-65
2026-03-06 10:33:00.466,RIOT-BLE-2,5586,1517,-2,3936,-2,10061,1,-25
2026-03-06 10:33:00.498,RIOT-BLE-0,91,1544,-2,5167,-2,10120,1,-52
2026-03-06 10:33:00.594,RIOT-BLE-1,1358,1913,-2,4591,-2,10113,1,-62
2026-03-06 10:33:00.597,RIOT-BLE-0,92,1543,-2,5167,-2,10120,1,-49
2026-03-06 10:33:00.622,RIOT-BLE-2,5587,1518,-2,3936,-2,10062,1,-25
2026-03-06 10:33:00.693,RIOT-BLE-1,1359,1913,-2,4594,-2,10113,1,-63
2026-03-06 10:33:00.715,RIOT-BLE-2,5588,1520,-2,3927,-2,10061,1,-28
2026-03-06 10:33:00.748,RIOT-BLE-0,93,1544,-2,5182,-2,10120,1,-50
2026-03-06 10:33:00.793,RIOT-BLE-1,1360,1913,-2,4595,-2,10113,1,-60
2026-03-06 10:33:00.816,RIOT-BLE-2,5589,1523,-2,3916,-2,10061,1,-24
2026-03-06 10:33:00.848,RIOT-BLE-0,94,1543,-2,5162,-2,10120,1,-51
2026-03-06 10:33:00.944,RIOT-BLE-1,1361,1913,-2,4599,-2,10112,1,-63
2026-03-06 10:33:00.948,RIOT-BLE-0,95,1543,-2,5167,-2,10119,1,-48
2026-03-06 10:33:00.965,RIOT-BLE-2,5590,1523,-2,3929,-2,10052,1,-24
2026-03-06 10:33:01.047,RIOT-BLE-1,1362,1913,-2,4591,-2,10112,1,-64
2026-03-06 10:33:01.067,RIOT-BLE-2,5591,1519,-2,3923,-2,10045,1,-25
2026-03-06 10:33:01.098,RIOT-BLE-0,96,1544,-2,5162,-2,10120,1,-49
2026-03-06 10:33:01.143,RIOT-BLE-1,1363,1913,-2,4590,-2,10113,1,-56
2026-03-06 10:33:01.167,RIOT-BLE-2,5592,1524,-2,3909,-2,10054,1,-28
2026-03-06 10:33:01.199,RIOT-BLE-0,97,1543,-2,5168,-2,10119,1,-49
2026-03-06 10:33:01.266,RIOT-BLE-2,5593,1529,-2,3914,-2,10061,1,-25
2026-03-06 10:33:01.292,RIOT-BLE-1,1364,1913,-2,4590,-2,10112,1,-65
2026-03-06 10:33:01.297,RIOT-BLE-0,98,1544,-2,5167,-2,10119,1,-51
2026-03-06 10:33:01.393,RIOT-BLE-1,1365,1913,-2,4593,-2,10113,1,-61
2026-03-06 10:33:01.415,RIOT-BLE-2,5594,1530,-2,3910,-2,10062,1,-25
2026-03-06 10:33:01.493,RIOT-BLE-1,1366,1913,-2,4595,-2,10114,1,-59
2026-03-06 10:33:01.497,RIOT-BLE-0,99,1544,-2,5170,-2,10119,1,-49
2026-03-06 10:33:01.515,RIOT-BLE-2,5595,1532,-2,3916,-2,10060,1,-24
2026-03-06 10:33:01.547,RIOT-BLE-0,100,1544,-2,5177,-2,10120,1,-48
2026-03-06 10:33:01.593,RIOT-BLE-1,1367,1914,-2,4589,-2,10113,1,-60
2026-03-06 10:33:01.616,RIOT-BLE-2,5596,1533,-2,3908,-2,10061,1,-25
2026-03-06 10:33:01.653,RIOT-BLE-0,101,1544,-2,5165,-2,10119,1,-48
2026-03-06 10:33:01.744,RIOT-BLE-1,1368,1915,-2,4582,-2,10113,1,-56
2026-03-06 10:33:01.748,RIOT-BLE-0,102,1543,-2,5175,-2,10119,1,-49
2026-03-06 10:33:01.767,RIOT-BLE-2,5597,1534,-2,3902,-2,10061,1,-25
2026-03-06 10:33:01.844,RIOT-BLE-1,1369,1914,-2,4583,-2,10113,1,-64
2026-03-06 10:33:01.868,RIOT-BLE-2,5598,1536,-2,3905,-2,10061,1,-25
2026-03-06 10:33:01.898,RIOT-BLE-0,103,1543,-2,5169,-2,10119,1,-50
2026-03-06 10:33:01.943,RIOT-BLE-1,1370,1914,-2,4588,-2,10113,1,-58
2026-03-06 10:33:01.971,RIOT-BLE-2,5599,1537,-2,3898,-2,10061,1,-25
2026-03-06 10:33:01.998,RIOT-BLE-0,104,1543,-2,5168,-2,10119,1,-53
2026-03-06 10:33:02.093,RIOT-BLE-1,1371,1914,-2,4576,-2,10113,1,-58
2026-03-06 10:33:02.099,RIOT-BLE-0,105,1543,-2,5172,-2,10118,1,-52
2026-03-06 10:33:02.116,RIOT-BLE-2,5600,1539,-2,3899,-2,10061,1,-24
2026-03-06 10:33:02.194,RIOT-BLE-1,1372,1916,-2,4579,-2,10113,1,-62
2026-03-06 10:33:02.217,RIOT-BLE-2,5601,1541,-2,3888,-2,10061,1,-25
2026-03-06 10:33:02.248,RIOT-BLE-0,106,1542,-2,5168,-2,10119,1,-48
2026-03-06 10:33:02.293,RIOT-BLE-1,1373,1915,-2,4572,-2,10113,1,-61
2026-03-06 10:33:02.317,RIOT-BLE-2,5602,1542,-2,3894,-2,10060,1,-23
2026-03-06 10:33:02.349,RIOT-BLE-0,107,1543,-2,5166,-2,10119,1,-50
2026-03-06 10:33:02.416,RIOT-BLE-2,5603,1543,-2,3895,-2,10061,1,-27
2026-03-06 10:33:02.444,RIOT-BLE-1,1374,1915,-2,4581,-2,10113,1,-66
2026-03-06 10:33:02.448,RIOT-BLE-0,108,1543,-2,5166,-2,10119,1,-50
2026-03-06 10:33:02.544,RIOT-BLE-1,1375,1915,-2,4572,-2,10113,1,-61
2026-03-06 10:33:02.567,RIOT-BLE-2,5604,1544,-2,3901,-2,10061,1,-24
2026-03-06 10:33:02.597,RIOT-BLE-0,109,1542,-2,5159,-2,10119,1,-50
2026-03-06 10:33:02.643,RIOT-BLE-1,1376,1916,-2,4572,-2,10113,1,-57
2026-03-06 10:33:02.665,RIOT-BLE-2,5605,1546,-2,3885,-2,10061,1,-24
2026-03-06 10:33:02.698,RIOT-BLE-0,110,1542,-2,5173,-2,10120,1,-50
2026-03-06 10:33:02.743,RIOT-BLE-1,1377,1915,-2,4576,-2,10113,1,-60
2026-03-06 10:33:02.766,RIOT-BLE-2,5606,1546,-2,3890,-2,10061,1,-24
2026-03-06 10:33:02.798,RIOT-BLE-0,111,1543,-2,5160,-2,10119,1,-50
2026-03-06 10:33:02.895,RIOT-BLE-1,1378,1916,-2,4573,-2,10113,1,-62
2026-03-06 10:33:02.898,RIOT-BLE-0,112,1542,-2,5156,-2,10119,1,-53
2026-03-06 10:33:02.916,RIOT-BLE-2,5607,1547,-2,3874,-2,10061,1,-25
2026-03-06 10:33:02.996,RIOT-BLE-1,1379,1915,-2,4569,-2,10113,1,-58
2026-03-06 10:33:03.015,RIOT-BLE-2,5608,1550,-2,3874,-2,10060,1,-26
2026-03-06 10:33:03.047,RIOT-BLE-0,113,1541,-2,5172,-2,10119,1,-49
2026-03-06 10:33:03.093,RIOT-BLE-1,1380,1915,-2,4564,-2,10113,1,-62
2026-03-06 10:33:03.116,RIOT-BLE-2,5609,1550,-2,3876,-2,10061,1,-24
2026-03-06 10:33:03.148,RIOT-BLE-0,114,1542,-2,5165,-2,10119,1,-53
2026-03-06 10:33:03.245,RIOT-BLE-1,1381,1915,-2,4560,-2,10113,1,-58
2026-03-06 10:33:03.248,RIOT-BLE-0,115,1542,-2,5168,-2,10119,1,-50
2026-03-06 10:33:03.267,RIOT-BLE-2,5610,1551,-2,3877,-2,10061,1,-25
2026-03-06 10:33:03.344,RIOT-BLE-1,1382,1915,-2,4562,-2,10113,1,-63
2026-03-06 10:33:03.367,RIOT-BLE-2,5611,1552,-2,3873,-2,10061,1,-27
2026-03-06 10:33:03.399,RIOT-BLE-0,116,1542,-2,5150,-2,10119,1,-50
2026-03-06 10:33:03.445,RIOT-BLE-1,1383,1915,-2,4568,-2,10113,1,-60
2026-03-06 10:33:03.466,RIOT-BLE-2,5612,1553,-2,3870,-2,10062,1,-26
2026-03-06 10:33:03.499,RIOT-BLE-0,117,1541,-2,5158,-2,10119,1,-52
2026-03-06 10:33:03.567,RIOT-BLE-2,5613,1554,-2,3865,-2,10061,1,-25
2026-03-06 10:33:03.594,RIOT-BLE-1,1384,1916,-2,4559,-2,10112,1,-65
2026-03-06 10:33:03.606,RIOT-BLE-0,118,1541,-2,5162,-2,10119,1,-50
2026-03-06 10:33:03.693,RIOT-BLE-1,1385,1917,-2,4560,-2,10112,1,-65
2026-03-06 10:33:03.717,RIOT-BLE-2,5614,1555,-2,3860,-2,10061,1,-28
2026-03-06 10:33:03.747,RIOT-BLE-0,119,1540,-2,5163,-2,10120,1,-49
2026-03-06 10:33:03.793,RIOT-BLE-1,1386,1916,-2,4569,-2,10113,1,-61
2026-03-06 10:33:03.821,RIOT-BLE-2,5615,1558,-2,3860,-2,10061,1,-28
2026-03-06 10:33:03.848,RIOT-BLE-0,120,1540,-2,5151,-2,10119,1,-49
2026-03-06 10:33:03.893,RIOT-BLE-1,1387,1917,-2,4551,-2,10113,1,-62
2026-03-06 10:33:03.916,RIOT-BLE-2,5616,1558,-2,3857,-2,10060,1,-27
2026-03-06 10:33:03.948,RIOT-BLE-0,121,1539,-2,5161,-2,10119,1,-49
2026-03-06 10:33:04.043,RIOT-BLE-1,1388,1917,-2,4553,-2,10113,1,-61
2026-03-06 10:33:04.047,RIOT-BLE-0,122,1539,-2,5157,-2,10119,1,-50
2026-03-06 10:33:04.065,RIOT-BLE-2,5617,1559,-2,3859,-2,10060,1,-24
2026-03-06 10:33:04.142,RIOT-BLE-1,1389,1916,-2,4561,-2,10113,1,-62
2026-03-06 10:33:04.165,RIOT-BLE-2,5618,1560,-2,3858,-2,10061,1,-24
2026-03-06 10:33:04.198,RIOT-BLE-0,123,1538,-2,5154,-2,10119,1,-50
2026-03-06 10:33:04.243,RIOT-BLE-1,1390,1916,-2,4560,-2,10113,1,-68
2026-03-06 10:33:04.265,RIOT-BLE-2,5619,1562,-2,3858,-2,10060,1,-25
2026-03-06 10:33:04.298,RIOT-BLE-0,124,1538,-2,5162,-2,10119,1,-50
